DateKey,Date,Year,Quarter,QuarterLabel,Month,MonthName,MonthShort,Day,DayOfWeek,DayName,WeekNumber,IsWeekend,YearMonth
20220101,2022-01-01,2022,1,Q1,1,January,Jan,1,5,Saturday,52,1,2022-01
20220102,2022-01-02,2022,1,Q1,1,January,Jan,2,6,Sunday,52,1,2022-01
20220103,2022-01-03,2022,1,Q1,1,January,Jan,3,0,Monday,1,0,2022-01
20220104,2022-01-04,2022,1,Q1,1,January,Jan,4,1,Tuesday,1,0,2022-01
20220105,2022-01-05,2022,1,Q1,1,January,Jan,5,2,Wednesday,1,0,2022-01
20220106,2022-01-06,2022,1,Q1,1,January,Jan,6,3,Thursday,1,0,2022-01
20220107,2022-01-07,2022,1,Q1,1,January,Jan,7,4,Friday,1,0,2022-01
20220108,2022-01-08,2022,1,Q1,1,January,Jan,8,5,Saturday,1,1,2022-01
20220109,2022-01-09,2022,1,Q1,1,January,Jan,9,6,Sunday,1,1,2022-01
20220110,2022-01-10,2022,1,Q1,1,January,Jan,10,0,Monday,2,0,2022-01
20220111,2022-01-11,2022,1,Q1,1,January,Jan,11,1,Tuesday,2,0,2022-01
20220112,2022-01-12,2022,1,Q1,1,January,Jan,12,2,Wednesday,2,0,2022-01
20220113,2022-01-13,2022,1,Q1,1,January,Jan,13,3,Thursday,2,0,2022-01
20220114,2022-01-14,2022,1,Q1,1,January,Jan,14,4,Friday,2,0,2022-01
20220115,2022-01-15,2022,1,Q1,1,January,Jan,15,5,Saturday,2,1,2022-01
20220116,2022-01-16,2022,1,Q1,1,January,Jan,16,6,Sunday,2,1,2022-01
20220117,2022-01-17,2022,1,Q1,1,January,Jan,17,0,Monday,3,0,2022-01
20220118,2022-01-18,2022,1,Q1,1,January,Jan,18,1,Tuesday,3,0,2022-01
20220119,2022-01-19,2022,1,Q1,1,January,Jan,19,2,Wednesday,3,0,2022-01
20220120,2022-01-20,2022,1,Q1,1,January,Jan,20,3,Thursday,3,0,2022-01
20220121,2022-01-21,2022,1,Q1,1,January,Jan,21,4,Friday,3,0,2022-01
20220122,2022-01-22,2022,1,Q1,1,January,Jan,22,5,Saturday,3,1,2022-01
20220123,2022-01-23,2022,1,Q1,1,January,Jan,23,6,Sunday,3,1,2022-01
20220124,2022-01-24,2022,1,Q1,1,January,Jan,24,0,Monday,4,0,2022-01
20220125,2022-01-25,2022,1,Q1,1,January,Jan,25,1,Tuesday,4,0,2022-01
20220126,2022-01-26,2022,1,Q1,1,January,Jan,26,2,Wednesday,4,0,2022-01
20220127,2022-01-27,2022,1,Q1,1,January,Jan,27,3,Thursday,4,0,2022-01
20220128,2022-01-28,2022,1,Q1,1,January,Jan,28,4,Friday,4,0,2022-01
20220129,2022-01-29,2022,1,Q1,1,January,Jan,29,5,Saturday,4,1,2022-01
20220130,2022-01-30,2022,1,Q1,1,January,Jan,30,6,Sunday,4,1,2022-01
20220131,2022-01-31,2022,1,Q1,1,January,Jan,31,0,Monday,5,0,2022-01
20220201,2022-02-01,2022,1,Q1,2,February,Feb,1,1,Tuesday,5,0,2022-02
20220202,2022-02-02,2022,1,Q1,2,February,Feb,2,2,Wednesday,5,0,2022-02
20220203,2022-02-03,2022,1,Q1,2,February,Feb,3,3,Thursday,5,0,2022-02
20220204,2022-02-04,2022,1,Q1,2,February,Feb,4,4,Friday,5,0,2022-02
20220205,2022-02-05,2022,1,Q1,2,February,Feb,5,5,Saturday,5,1,2022-02
20220206,2022-02-06,2022,1,Q1,2,February,Feb,6,6,Sunday,5,1,2022-02
20220207,2022-02-07,2022,1,Q1,2,February,Feb,7,0,Monday,6,0,2022-02
20220208,2022-02-08,2022,1,Q1,2,February,Feb,8,1,Tuesday,6,0,2022-02
20220209,2022-02-09,2022,1,Q1,2,February,Feb,9,2,Wednesday,6,0,2022-02
20220210,2022-02-10,2022,1,Q1,2,February,Feb,10,3,Thursday,6,0,2022-02
20220211,2022-02-11,2022,1,Q1,2,February,Feb,11,4,Friday,6,0,2022-02
20220212,2022-02-12,2022,1,Q1,2,February,Feb,12,5,Saturday,6,1,2022-02
20220213,2022-02-13,2022,1,Q1,2,February,Feb,13,6,Sunday,6,1,2022-02
20220214,2022-02-14,2022,1,Q1,2,February,Feb,14,0,Monday,7,0,2022-02
20220215,2022-02-15,2022,1,Q1,2,February,Feb,15,1,Tuesday,7,0,2022-02
20220216,2022-02-16,2022,1,Q1,2,February,Feb,16,2,Wednesday,7,0,2022-02
20220217,2022-02-17,2022,1,Q1,2,February,Feb,17,3,Thursday,7,0,2022-02
20220218,2022-02-18,2022,1,Q1,2,February,Feb,18,4,Friday,7,0,2022-02
20220219,2022-02-19,2022,1,Q1,2,February,Feb,19,5,Saturday,7,1,2022-02
20220220,2022-02-20,2022,1,Q1,2,February,Feb,20,6,Sunday,7,1,2022-02
20220221,2022-02-21,2022,1,Q1,2,February,Feb,21,0,Monday,8,0,2022-02
20220222,2022-02-22,2022,1,Q1,2,February,Feb,22,1,Tuesday,8,0,2022-02
20220223,2022-02-23,2022,1,Q1,2,February,Feb,23,2,Wednesday,8,0,2022-02
20220224,2022-02-24,2022,1,Q1,2,February,Feb,24,3,Thursday,8,0,2022-02
20220225,2022-02-25,2022,1,Q1,2,February,Feb,25,4,Friday,8,0,2022-02
20220226,2022-02-26,2022,1,Q1,2,February,Feb,26,5,Saturday,8,1,2022-02
20220227,2022-02-27,2022,1,Q1,2,February,Feb,27,6,Sunday,8,1,2022-02
20220228,2022-02-28,2022,1,Q1,2,February,Feb,28,0,Monday,9,0,2022-02
20220301,2022-03-01,2022,1,Q1,3,March,Mar,1,1,Tuesday,9,0,2022-03
20220302,2022-03-02,2022,1,Q1,3,March,Mar,2,2,Wednesday,9,0,2022-03
20220303,2022-03-03,2022,1,Q1,3,March,Mar,3,3,Thursday,9,0,2022-03
20220304,2022-03-04,2022,1,Q1,3,March,Mar,4,4,Friday,9,0,2022-03
20220305,2022-03-05,2022,1,Q1,3,March,Mar,5,5,Saturday,9,1,2022-03
20220306,2022-03-06,2022,1,Q1,3,March,Mar,6,6,Sunday,9,1,2022-03
20220307,2022-03-07,2022,1,Q1,3,March,Mar,7,0,Monday,10,0,2022-03
20220308,2022-03-08,2022,1,Q1,3,March,Mar,8,1,Tuesday,10,0,2022-03
20220309,2022-03-09,2022,1,Q1,3,March,Mar,9,2,Wednesday,10,0,2022-03
20220310,2022-03-10,2022,1,Q1,3,March,Mar,10,3,Thursday,10,0,2022-03
20220311,2022-03-11,2022,1,Q1,3,March,Mar,11,4,Friday,10,0,2022-03
20220312,2022-03-12,2022,1,Q1,3,March,Mar,12,5,Saturday,10,1,2022-03
20220313,2022-03-13,2022,1,Q1,3,March,Mar,13,6,Sunday,10,1,2022-03
20220314,2022-03-14,2022,1,Q1,3,March,Mar,14,0,Monday,11,0,2022-03
20220315,2022-03-15,2022,1,Q1,3,March,Mar,15,1,Tuesday,11,0,2022-03
20220316,2022-03-16,2022,1,Q1,3,March,Mar,16,2,Wednesday,11,0,2022-03
20220317,2022-03-17,2022,1,Q1,3,March,Mar,17,3,Thursday,11,0,2022-03
20220318,2022-03-18,2022,1,Q1,3,March,Mar,18,4,Friday,11,0,2022-03
20220319,2022-03-19,2022,1,Q1,3,March,Mar,19,5,Saturday,11,1,2022-03
20220320,2022-03-20,2022,1,Q1,3,March,Mar,20,6,Sunday,11,1,2022-03
20220321,2022-03-21,2022,1,Q1,3,March,Mar,21,0,Monday,12,0,2022-03
20220322,2022-03-22,2022,1,Q1,3,March,Mar,22,1,Tuesday,12,0,2022-03
20220323,2022-03-23,2022,1,Q1,3,March,Mar,23,2,Wednesday,12,0,2022-03
20220324,2022-03-24,2022,1,Q1,3,March,Mar,24,3,Thursday,12,0,2022-03
20220325,2022-03-25,2022,1,Q1,3,March,Mar,25,4,Friday,12,0,2022-03
20220326,2022-03-26,2022,1,Q1,3,March,Mar,26,5,Saturday,12,1,2022-03
20220327,2022-03-27,2022,1,Q1,3,March,Mar,27,6,Sunday,12,1,2022-03
20220328,2022-03-28,2022,1,Q1,3,March,Mar,28,0,Monday,13,0,2022-03
20220329,2022-03-29,2022,1,Q1,3,March,Mar,29,1,Tuesday,13,0,2022-03
20220330,2022-03-30,2022,1,Q1,3,March,Mar,30,2,Wednesday,13,0,2022-03
20220331,2022-03-31,2022,1,Q1,3,March,Mar,31,3,Thursday,13,0,2022-03
20220401,2022-04-01,2022,2,Q2,4,April,Apr,1,4,Friday,13,0,2022-04
20220402,2022-04-02,2022,2,Q2,4,April,Apr,2,5,Saturday,13,1,2022-04
20220403,2022-04-03,2022,2,Q2,4,April,Apr,3,6,Sunday,13,1,2022-04
20220404,2022-04-04,2022,2,Q2,4,April,Apr,4,0,Monday,14,0,2022-04
20220405,2022-04-05,2022,2,Q2,4,April,Apr,5,1,Tuesday,14,0,2022-04
20220406,2022-04-06,2022,2,Q2,4,April,Apr,6,2,Wednesday,14,0,2022-04
20220407,2022-04-07,2022,2,Q2,4,April,Apr,7,3,Thursday,14,0,2022-04
20220408,2022-04-08,2022,2,Q2,4,April,Apr,8,4,Friday,14,0,2022-04
20220409,2022-04-09,2022,2,Q2,4,April,Apr,9,5,Saturday,14,1,2022-04
20220410,2022-04-10,2022,2,Q2,4,April,Apr,10,6,Sunday,14,1,2022-04
20220411,2022-04-11,2022,2,Q2,4,April,Apr,11,0,Monday,15,0,2022-04
20220412,2022-04-12,2022,2,Q2,4,April,Apr,12,1,Tuesday,15,0,2022-04
20220413,2022-04-13,2022,2,Q2,4,April,Apr,13,2,Wednesday,15,0,2022-04
20220414,2022-04-14,2022,2,Q2,4,April,Apr,14,3,Thursday,15,0,2022-04
20220415,2022-04-15,2022,2,Q2,4,April,Apr,15,4,Friday,15,0,2022-04
20220416,2022-04-16,2022,2,Q2,4,April,Apr,16,5,Saturday,15,1,2022-04
20220417,2022-04-17,2022,2,Q2,4,April,Apr,17,6,Sunday,15,1,2022-04
20220418,2022-04-18,2022,2,Q2,4,April,Apr,18,0,Monday,16,0,2022-04
20220419,2022-04-19,2022,2,Q2,4,April,Apr,19,1,Tuesday,16,0,2022-04
20220420,2022-04-20,2022,2,Q2,4,April,Apr,20,2,Wednesday,16,0,2022-04
20220421,2022-04-21,2022,2,Q2,4,April,Apr,21,3,Thursday,16,0,2022-04
20220422,2022-04-22,2022,2,Q2,4,April,Apr,22,4,Friday,16,0,2022-04
20220423,2022-04-23,2022,2,Q2,4,April,Apr,23,5,Saturday,16,1,2022-04
20220424,2022-04-24,2022,2,Q2,4,April,Apr,24,6,Sunday,16,1,2022-04
20220425,2022-04-25,2022,2,Q2,4,April,Apr,25,0,Monday,17,0,2022-04
20220426,2022-04-26,2022,2,Q2,4,April,Apr,26,1,Tuesday,17,0,2022-04
20220427,2022-04-27,2022,2,Q2,4,April,Apr,27,2,Wednesday,17,0,2022-04
20220428,2022-04-28,2022,2,Q2,4,April,Apr,28,3,Thursday,17,0,2022-04
20220429,2022-04-29,2022,2,Q2,4,April,Apr,29,4,Friday,17,0,2022-04
20220430,2022-04-30,2022,2,Q2,4,April,Apr,30,5,Saturday,17,1,2022-04
20220501,2022-05-01,2022,2,Q2,5,May,May,1,6,Sunday,17,1,2022-05
20220502,2022-05-02,2022,2,Q2,5,May,May,2,0,Monday,18,0,2022-05
20220503,2022-05-03,2022,2,Q2,5,May,May,3,1,Tuesday,18,0,2022-05
20220504,2022-05-04,2022,2,Q2,5,May,May,4,2,Wednesday,18,0,2022-05
20220505,2022-05-05,2022,2,Q2,5,May,May,5,3,Thursday,18,0,2022-05
20220506,2022-05-06,2022,2,Q2,5,May,May,6,4,Friday,18,0,2022-05
20220507,2022-05-07,2022,2,Q2,5,May,May,7,5,Saturday,18,1,2022-05
20220508,2022-05-08,2022,2,Q2,5,May,May,8,6,Sunday,18,1,2022-05
20220509,2022-05-09,2022,2,Q2,5,May,May,9,0,Monday,19,0,2022-05
20220510,2022-05-10,2022,2,Q2,5,May,May,10,1,Tuesday,19,0,2022-05
20220511,2022-05-11,2022,2,Q2,5,May,May,11,2,Wednesday,19,0,2022-05
20220512,2022-05-12,2022,2,Q2,5,May,May,12,3,Thursday,19,0,2022-05
20220513,2022-05-13,2022,2,Q2,5,May,May,13,4,Friday,19,0,2022-05
20220514,2022-05-14,2022,2,Q2,5,May,May,14,5,Saturday,19,1,2022-05
20220515,2022-05-15,2022,2,Q2,5,May,May,15,6,Sunday,19,1,2022-05
20220516,2022-05-16,2022,2,Q2,5,May,May,16,0,Monday,20,0,2022-05
20220517,2022-05-17,2022,2,Q2,5,May,May,17,1,Tuesday,20,0,2022-05
20220518,2022-05-18,2022,2,Q2,5,May,May,18,2,Wednesday,20,0,2022-05
20220519,2022-05-19,2022,2,Q2,5,May,May,19,3,Thursday,20,0,2022-05
20220520,2022-05-20,2022,2,Q2,5,May,May,20,4,Friday,20,0,2022-05
20220521,2022-05-21,2022,2,Q2,5,May,May,21,5,Saturday,20,1,2022-05
20220522,2022-05-22,2022,2,Q2,5,May,May,22,6,Sunday,20,1,2022-05
20220523,2022-05-23,2022,2,Q2,5,May,May,23,0,Monday,21,0,2022-05
20220524,2022-05-24,2022,2,Q2,5,May,May,24,1,Tuesday,21,0,2022-05
20220525,2022-05-25,2022,2,Q2,5,May,May,25,2,Wednesday,21,0,2022-05
20220526,2022-05-26,2022,2,Q2,5,May,May,26,3,Thursday,21,0,2022-05
20220527,2022-05-27,2022,2,Q2,5,May,May,27,4,Friday,21,0,2022-05
20220528,2022-05-28,2022,2,Q2,5,May,May,28,5,Saturday,21,1,2022-05
20220529,2022-05-29,2022,2,Q2,5,May,May,29,6,Sunday,21,1,2022-05
20220530,2022-05-30,2022,2,Q2,5,May,May,30,0,Monday,22,0,2022-05
20220531,2022-05-31,2022,2,Q2,5,May,May,31,1,Tuesday,22,0,2022-05
20220601,2022-06-01,2022,2,Q2,6,June,Jun,1,2,Wednesday,22,0,2022-06
20220602,2022-06-02,2022,2,Q2,6,June,Jun,2,3,Thursday,22,0,2022-06
20220603,2022-06-03,2022,2,Q2,6,June,Jun,3,4,Friday,22,0,2022-06
20220604,2022-06-04,2022,2,Q2,6,June,Jun,4,5,Saturday,22,1,2022-06
20220605,2022-06-05,2022,2,Q2,6,June,Jun,5,6,Sunday,22,1,2022-06
20220606,2022-06-06,2022,2,Q2,6,June,Jun,6,0,Monday,23,0,2022-06
20220607,2022-06-07,2022,2,Q2,6,June,Jun,7,1,Tuesday,23,0,2022-06
20220608,2022-06-08,2022,2,Q2,6,June,Jun,8,2,Wednesday,23,0,2022-06
20220609,2022-06-09,2022,2,Q2,6,June,Jun,9,3,Thursday,23,0,2022-06
20220610,2022-06-10,2022,2,Q2,6,June,Jun,10,4,Friday,23,0,2022-06
20220611,2022-06-11,2022,2,Q2,6,June,Jun,11,5,Saturday,23,1,2022-06
20220612,2022-06-12,2022,2,Q2,6,June,Jun,12,6,Sunday,23,1,2022-06
20220613,2022-06-13,2022,2,Q2,6,June,Jun,13,0,Monday,24,0,2022-06
20220614,2022-06-14,2022,2,Q2,6,June,Jun,14,1,Tuesday,24,0,2022-06
20220615,2022-06-15,2022,2,Q2,6,June,Jun,15,2,Wednesday,24,0,2022-06
20220616,2022-06-16,2022,2,Q2,6,June,Jun,16,3,Thursday,24,0,2022-06
20220617,2022-06-17,2022,2,Q2,6,June,Jun,17,4,Friday,24,0,2022-06
20220618,2022-06-18,2022,2,Q2,6,June,Jun,18,5,Saturday,24,1,2022-06
20220619,2022-06-19,2022,2,Q2,6,June,Jun,19,6,Sunday,24,1,2022-06
20220620,2022-06-20,2022,2,Q2,6,June,Jun,20,0,Monday,25,0,2022-06
20220621,2022-06-21,2022,2,Q2,6,June,Jun,21,1,Tuesday,25,0,2022-06
20220622,2022-06-22,2022,2,Q2,6,June,Jun,22,2,Wednesday,25,0,2022-06
20220623,2022-06-23,2022,2,Q2,6,June,Jun,23,3,Thursday,25,0,2022-06
20220624,2022-06-24,2022,2,Q2,6,June,Jun,24,4,Friday,25,0,2022-06
20220625,2022-06-25,2022,2,Q2,6,June,Jun,25,5,Saturday,25,1,2022-06
20220626,2022-06-26,2022,2,Q2,6,June,Jun,26,6,Sunday,25,1,2022-06
20220627,2022-06-27,2022,2,Q2,6,June,Jun,27,0,Monday,26,0,2022-06
20220628,2022-06-28,2022,2,Q2,6,June,Jun,28,1,Tuesday,26,0,2022-06
20220629,2022-06-29,2022,2,Q2,6,June,Jun,29,2,Wednesday,26,0,2022-06
20220630,2022-06-30,2022,2,Q2,6,June,Jun,30,3,Thursday,26,0,2022-06
20220701,2022-07-01,2022,3,Q3,7,July,Jul,1,4,Friday,26,0,2022-07
20220702,2022-07-02,2022,3,Q3,7,July,Jul,2,5,Saturday,26,1,2022-07
20220703,2022-07-03,2022,3,Q3,7,July,Jul,3,6,Sunday,26,1,2022-07
20220704,2022-07-04,2022,3,Q3,7,July,Jul,4,0,Monday,27,0,2022-07
20220705,2022-07-05,2022,3,Q3,7,July,Jul,5,1,Tuesday,27,0,2022-07
20220706,2022-07-06,2022,3,Q3,7,July,Jul,6,2,Wednesday,27,0,2022-07
20220707,2022-07-07,2022,3,Q3,7,July,Jul,7,3,Thursday,27,0,2022-07
20220708,2022-07-08,2022,3,Q3,7,July,Jul,8,4,Friday,27,0,2022-07
20220709,2022-07-09,2022,3,Q3,7,July,Jul,9,5,Saturday,27,1,2022-07
20220710,2022-07-10,2022,3,Q3,7,July,Jul,10,6,Sunday,27,1,2022-07
20220711,2022-07-11,2022,3,Q3,7,July,Jul,11,0,Monday,28,0,2022-07
20220712,2022-07-12,2022,3,Q3,7,July,Jul,12,1,Tuesday,28,0,2022-07
20220713,2022-07-13,2022,3,Q3,7,July,Jul,13,2,Wednesday,28,0,2022-07
20220714,2022-07-14,2022,3,Q3,7,July,Jul,14,3,Thursday,28,0,2022-07
20220715,2022-07-15,2022,3,Q3,7,July,Jul,15,4,Friday,28,0,2022-07
20220716,2022-07-16,2022,3,Q3,7,July,Jul,16,5,Saturday,28,1,2022-07
20220717,2022-07-17,2022,3,Q3,7,July,Jul,17,6,Sunday,28,1,2022-07
20220718,2022-07-18,2022,3,Q3,7,July,Jul,18,0,Monday,29,0,2022-07
20220719,2022-07-19,2022,3,Q3,7,July,Jul,19,1,Tuesday,29,0,2022-07
20220720,2022-07-20,2022,3,Q3,7,July,Jul,20,2,Wednesday,29,0,2022-07
20220721,2022-07-21,2022,3,Q3,7,July,Jul,21,3,Thursday,29,0,2022-07
20220722,2022-07-22,2022,3,Q3,7,July,Jul,22,4,Friday,29,0,2022-07
20220723,2022-07-23,2022,3,Q3,7,July,Jul,23,5,Saturday,29,1,2022-07
20220724,2022-07-24,2022,3,Q3,7,July,Jul,24,6,Sunday,29,1,2022-07
20220725,2022-07-25,2022,3,Q3,7,July,Jul,25,0,Monday,30,0,2022-07
20220726,2022-07-26,2022,3,Q3,7,July,Jul,26,1,Tuesday,30,0,2022-07
20220727,2022-07-27,2022,3,Q3,7,July,Jul,27,2,Wednesday,30,0,2022-07
20220728,2022-07-28,2022,3,Q3,7,July,Jul,28,3,Thursday,30,0,2022-07
20220729,2022-07-29,2022,3,Q3,7,July,Jul,29,4,Friday,30,0,2022-07
20220730,2022-07-30,2022,3,Q3,7,July,Jul,30,5,Saturday,30,1,2022-07
20220731,2022-07-31,2022,3,Q3,7,July,Jul,31,6,Sunday,30,1,2022-07
20220801,2022-08-01,2022,3,Q3,8,August,Aug,1,0,Monday,31,0,2022-08
20220802,2022-08-02,2022,3,Q3,8,August,Aug,2,1,Tuesday,31,0,2022-08
20220803,2022-08-03,2022,3,Q3,8,August,Aug,3,2,Wednesday,31,0,2022-08
20220804,2022-08-04,2022,3,Q3,8,August,Aug,4,3,Thursday,31,0,2022-08
20220805,2022-08-05,2022,3,Q3,8,August,Aug,5,4,Friday,31,0,2022-08
20220806,2022-08-06,2022,3,Q3,8,August,Aug,6,5,Saturday,31,1,2022-08
20220807,2022-08-07,2022,3,Q3,8,August,Aug,7,6,Sunday,31,1,2022-08
20220808,2022-08-08,2022,3,Q3,8,August,Aug,8,0,Monday,32,0,2022-08
20220809,2022-08-09,2022,3,Q3,8,August,Aug,9,1,Tuesday,32,0,2022-08
20220810,2022-08-10,2022,3,Q3,8,August,Aug,10,2,Wednesday,32,0,2022-08
20220811,2022-08-11,2022,3,Q3,8,August,Aug,11,3,Thursday,32,0,2022-08
20220812,2022-08-12,2022,3,Q3,8,August,Aug,12,4,Friday,32,0,2022-08
20220813,2022-08-13,2022,3,Q3,8,August,Aug,13,5,Saturday,32,1,2022-08
20220814,2022-08-14,2022,3,Q3,8,August,Aug,14,6,Sunday,32,1,2022-08
20220815,2022-08-15,2022,3,Q3,8,August,Aug,15,0,Monday,33,0,2022-08
20220816,2022-08-16,2022,3,Q3,8,August,Aug,16,1,Tuesday,33,0,2022-08
20220817,2022-08-17,2022,3,Q3,8,August,Aug,17,2,Wednesday,33,0,2022-08
20220818,2022-08-18,2022,3,Q3,8,August,Aug,18,3,Thursday,33,0,2022-08
20220819,2022-08-19,2022,3,Q3,8,August,Aug,19,4,Friday,33,0,2022-08
20220820,2022-08-20,2022,3,Q3,8,August,Aug,20,5,Saturday,33,1,2022-08
20220821,2022-08-21,2022,3,Q3,8,August,Aug,21,6,Sunday,33,1,2022-08
20220822,2022-08-22,2022,3,Q3,8,August,Aug,22,0,Monday,34,0,2022-08
20220823,2022-08-23,2022,3,Q3,8,August,Aug,23,1,Tuesday,34,0,2022-08
20220824,2022-08-24,2022,3,Q3,8,August,Aug,24,2,Wednesday,34,0,2022-08
20220825,2022-08-25,2022,3,Q3,8,August,Aug,25,3,Thursday,34,0,2022-08
20220826,2022-08-26,2022,3,Q3,8,August,Aug,26,4,Friday,34,0,2022-08
20220827,2022-08-27,2022,3,Q3,8,August,Aug,27,5,Saturday,34,1,2022-08
20220828,2022-08-28,2022,3,Q3,8,August,Aug,28,6,Sunday,34,1,2022-08
20220829,2022-08-29,2022,3,Q3,8,August,Aug,29,0,Monday,35,0,2022-08
20220830,2022-08-30,2022,3,Q3,8,August,Aug,30,1,Tuesday,35,0,2022-08
20220831,2022-08-31,2022,3,Q3,8,August,Aug,31,2,Wednesday,35,0,2022-08
20220901,2022-09-01,2022,3,Q3,9,September,Sep,1,3,Thursday,35,0,2022-09
20220902,2022-09-02,2022,3,Q3,9,September,Sep,2,4,Friday,35,0,2022-09
20220903,2022-09-03,2022,3,Q3,9,September,Sep,3,5,Saturday,35,1,2022-09
20220904,2022-09-04,2022,3,Q3,9,September,Sep,4,6,Sunday,35,1,2022-09
20220905,2022-09-05,2022,3,Q3,9,September,Sep,5,0,Monday,36,0,2022-09
20220906,2022-09-06,2022,3,Q3,9,September,Sep,6,1,Tuesday,36,0,2022-09
20220907,2022-09-07,2022,3,Q3,9,September,Sep,7,2,Wednesday,36,0,2022-09
20220908,2022-09-08,2022,3,Q3,9,September,Sep,8,3,Thursday,36,0,2022-09
20220909,2022-09-09,2022,3,Q3,9,September,Sep,9,4,Friday,36,0,2022-09
20220910,2022-09-10,2022,3,Q3,9,September,Sep,10,5,Saturday,36,1,2022-09
20220911,2022-09-11,2022,3,Q3,9,September,Sep,11,6,Sunday,36,1,2022-09
20220912,2022-09-12,2022,3,Q3,9,September,Sep,12,0,Monday,37,0,2022-09
20220913,2022-09-13,2022,3,Q3,9,September,Sep,13,1,Tuesday,37,0,2022-09
20220914,2022-09-14,2022,3,Q3,9,September,Sep,14,2,Wednesday,37,0,2022-09
20220915,2022-09-15,2022,3,Q3,9,September,Sep,15,3,Thursday,37,0,2022-09
20220916,2022-09-16,2022,3,Q3,9,September,Sep,16,4,Friday,37,0,2022-09
20220917,2022-09-17,2022,3,Q3,9,September,Sep,17,5,Saturday,37,1,2022-09
20220918,2022-09-18,2022,3,Q3,9,September,Sep,18,6,Sunday,37,1,2022-09
20220919,2022-09-19,2022,3,Q3,9,September,Sep,19,0,Monday,38,0,2022-09
20220920,2022-09-20,2022,3,Q3,9,September,Sep,20,1,Tuesday,38,0,2022-09
20220921,2022-09-21,2022,3,Q3,9,September,Sep,21,2,Wednesday,38,0,2022-09
20220922,2022-09-22,2022,3,Q3,9,September,Sep,22,3,Thursday,38,0,2022-09
20220923,2022-09-23,2022,3,Q3,9,September,Sep,23,4,Friday,38,0,2022-09
20220924,2022-09-24,2022,3,Q3,9,September,Sep,24,5,Saturday,38,1,2022-09
20220925,2022-09-25,2022,3,Q3,9,September,Sep,25,6,Sunday,38,1,2022-09
20220926,2022-09-26,2022,3,Q3,9,September,Sep,26,0,Monday,39,0,2022-09
20220927,2022-09-27,2022,3,Q3,9,September,Sep,27,1,Tuesday,39,0,2022-09
20220928,2022-09-28,2022,3,Q3,9,September,Sep,28,2,Wednesday,39,0,2022-09
20220929,2022-09-29,2022,3,Q3,9,September,Sep,29,3,Thursday,39,0,2022-09
20220930,2022-09-30,2022,3,Q3,9,September,Sep,30,4,Friday,39,0,2022-09
20221001,2022-10-01,2022,4,Q4,10,October,Oct,1,5,Saturday,39,1,2022-10
20221002,2022-10-02,2022,4,Q4,10,October,Oct,2,6,Sunday,39,1,2022-10
20221003,2022-10-03,2022,4,Q4,10,October,Oct,3,0,Monday,40,0,2022-10
20221004,2022-10-04,2022,4,Q4,10,October,Oct,4,1,Tuesday,40,0,2022-10
20221005,2022-10-05,2022,4,Q4,10,October,Oct,5,2,Wednesday,40,0,2022-10
20221006,2022-10-06,2022,4,Q4,10,October,Oct,6,3,Thursday,40,0,2022-10
20221007,2022-10-07,2022,4,Q4,10,October,Oct,7,4,Friday,40,0,2022-10
20221008,2022-10-08,2022,4,Q4,10,October,Oct,8,5,Saturday,40,1,2022-10
20221009,2022-10-09,2022,4,Q4,10,October,Oct,9,6,Sunday,40,1,2022-10
20221010,2022-10-10,2022,4,Q4,10,October,Oct,10,0,Monday,41,0,2022-10
20221011,2022-10-11,2022,4,Q4,10,October,Oct,11,1,Tuesday,41,0,2022-10
20221012,2022-10-12,2022,4,Q4,10,October,Oct,12,2,Wednesday,41,0,2022-10
20221013,2022-10-13,2022,4,Q4,10,October,Oct,13,3,Thursday,41,0,2022-10
20221014,2022-10-14,2022,4,Q4,10,October,Oct,14,4,Friday,41,0,2022-10
20221015,2022-10-15,2022,4,Q4,10,October,Oct,15,5,Saturday,41,1,2022-10
20221016,2022-10-16,2022,4,Q4,10,October,Oct,16,6,Sunday,41,1,2022-10
20221017,2022-10-17,2022,4,Q4,10,October,Oct,17,0,Monday,42,0,2022-10
20221018,2022-10-18,2022,4,Q4,10,October,Oct,18,1,Tuesday,42,0,2022-10
20221019,2022-10-19,2022,4,Q4,10,October,Oct,19,2,Wednesday,42,0,2022-10
20221020,2022-10-20,2022,4,Q4,10,October,Oct,20,3,Thursday,42,0,2022-10
20221021,2022-10-21,2022,4,Q4,10,October,Oct,21,4,Friday,42,0,2022-10
20221022,2022-10-22,2022,4,Q4,10,October,Oct,22,5,Saturday,42,1,2022-10
20221023,2022-10-23,2022,4,Q4,10,October,Oct,23,6,Sunday,42,1,2022-10
20221024,2022-10-24,2022,4,Q4,10,October,Oct,24,0,Monday,43,0,2022-10
20221025,2022-10-25,2022,4,Q4,10,October,Oct,25,1,Tuesday,43,0,2022-10
20221026,2022-10-26,2022,4,Q4,10,October,Oct,26,2,Wednesday,43,0,2022-10
20221027,2022-10-27,2022,4,Q4,10,October,Oct,27,3,Thursday,43,0,2022-10
20221028,2022-10-28,2022,4,Q4,10,October,Oct,28,4,Friday,43,0,2022-10
20221029,2022-10-29,2022,4,Q4,10,October,Oct,29,5,Saturday,43,1,2022-10
20221030,2022-10-30,2022,4,Q4,10,October,Oct,30,6,Sunday,43,1,2022-10
20221031,2022-10-31,2022,4,Q4,10,October,Oct,31,0,Monday,44,0,2022-10
20221101,2022-11-01,2022,4,Q4,11,November,Nov,1,1,Tuesday,44,0,2022-11
20221102,2022-11-02,2022,4,Q4,11,November,Nov,2,2,Wednesday,44,0,2022-11
20221103,2022-11-03,2022,4,Q4,11,November,Nov,3,3,Thursday,44,0,2022-11
20221104,2022-11-04,2022,4,Q4,11,November,Nov,4,4,Friday,44,0,2022-11
20221105,2022-11-05,2022,4,Q4,11,November,Nov,5,5,Saturday,44,1,2022-11
20221106,2022-11-06,2022,4,Q4,11,November,Nov,6,6,Sunday,44,1,2022-11
20221107,2022-11-07,2022,4,Q4,11,November,Nov,7,0,Monday,45,0,2022-11
20221108,2022-11-08,2022,4,Q4,11,November,Nov,8,1,Tuesday,45,0,2022-11
20221109,2022-11-09,2022,4,Q4,11,November,Nov,9,2,Wednesday,45,0,2022-11
20221110,2022-11-10,2022,4,Q4,11,November,Nov,10,3,Thursday,45,0,2022-11
20221111,2022-11-11,2022,4,Q4,11,November,Nov,11,4,Friday,45,0,2022-11
20221112,2022-11-12,2022,4,Q4,11,November,Nov,12,5,Saturday,45,1,2022-11
20221113,2022-11-13,2022,4,Q4,11,November,Nov,13,6,Sunday,45,1,2022-11
20221114,2022-11-14,2022,4,Q4,11,November,Nov,14,0,Monday,46,0,2022-11
20221115,2022-11-15,2022,4,Q4,11,November,Nov,15,1,Tuesday,46,0,2022-11
20221116,2022-11-16,2022,4,Q4,11,November,Nov,16,2,Wednesday,46,0,2022-11
20221117,2022-11-17,2022,4,Q4,11,November,Nov,17,3,Thursday,46,0,2022-11
20221118,2022-11-18,2022,4,Q4,11,November,Nov,18,4,Friday,46,0,2022-11
20221119,2022-11-19,2022,4,Q4,11,November,Nov,19,5,Saturday,46,1,2022-11
20221120,2022-11-20,2022,4,Q4,11,November,Nov,20,6,Sunday,46,1,2022-11
20221121,2022-11-21,2022,4,Q4,11,November,Nov,21,0,Monday,47,0,2022-11
20221122,2022-11-22,2022,4,Q4,11,November,Nov,22,1,Tuesday,47,0,2022-11
20221123,2022-11-23,2022,4,Q4,11,November,Nov,23,2,Wednesday,47,0,2022-11
20221124,2022-11-24,2022,4,Q4,11,November,Nov,24,3,Thursday,47,0,2022-11
20221125,2022-11-25,2022,4,Q4,11,November,Nov,25,4,Friday,47,0,2022-11
20221126,2022-11-26,2022,4,Q4,11,November,Nov,26,5,Saturday,47,1,2022-11
20221127,2022-11-27,2022,4,Q4,11,November,Nov,27,6,Sunday,47,1,2022-11
20221128,2022-11-28,2022,4,Q4,11,November,Nov,28,0,Monday,48,0,2022-11
20221129,2022-11-29,2022,4,Q4,11,November,Nov,29,1,Tuesday,48,0,2022-11
20221130,2022-11-30,2022,4,Q4,11,November,Nov,30,2,Wednesday,48,0,2022-11
20221201,2022-12-01,2022,4,Q4,12,December,Dec,1,3,Thursday,48,0,2022-12
20221202,2022-12-02,2022,4,Q4,12,December,Dec,2,4,Friday,48,0,2022-12
20221203,2022-12-03,2022,4,Q4,12,December,Dec,3,5,Saturday,48,1,2022-12
20221204,2022-12-04,2022,4,Q4,12,December,Dec,4,6,Sunday,48,1,2022-12
20221205,2022-12-05,2022,4,Q4,12,December,Dec,5,0,Monday,49,0,2022-12
20221206,2022-12-06,2022,4,Q4,12,December,Dec,6,1,Tuesday,49,0,2022-12
20221207,2022-12-07,2022,4,Q4,12,December,Dec,7,2,Wednesday,49,0,2022-12
20221208,2022-12-08,2022,4,Q4,12,December,Dec,8,3,Thursday,49,0,2022-12
20221209,2022-12-09,2022,4,Q4,12,December,Dec,9,4,Friday,49,0,2022-12
20221210,2022-12-10,2022,4,Q4,12,December,Dec,10,5,Saturday,49,1,2022-12
20221211,2022-12-11,2022,4,Q4,12,December,Dec,11,6,Sunday,49,1,2022-12
20221212,2022-12-12,2022,4,Q4,12,December,Dec,12,0,Monday,50,0,2022-12
20221213,2022-12-13,2022,4,Q4,12,December,Dec,13,1,Tuesday,50,0,2022-12
20221214,2022-12-14,2022,4,Q4,12,December,Dec,14,2,Wednesday,50,0,2022-12
20221215,2022-12-15,2022,4,Q4,12,December,Dec,15,3,Thursday,50,0,2022-12
20221216,2022-12-16,2022,4,Q4,12,December,Dec,16,4,Friday,50,0,2022-12
20221217,2022-12-17,2022,4,Q4,12,December,Dec,17,5,Saturday,50,1,2022-12
20221218,2022-12-18,2022,4,Q4,12,December,Dec,18,6,Sunday,50,1,2022-12
20221219,2022-12-19,2022,4,Q4,12,December,Dec,19,0,Monday,51,0,2022-12
20221220,2022-12-20,2022,4,Q4,12,December,Dec,20,1,Tuesday,51,0,2022-12
20221221,2022-12-21,2022,4,Q4,12,December,Dec,21,2,Wednesday,51,0,2022-12
20221222,2022-12-22,2022,4,Q4,12,December,Dec,22,3,Thursday,51,0,2022-12
20221223,2022-12-23,2022,4,Q4,12,December,Dec,23,4,Friday,51,0,2022-12
20221224,2022-12-24,2022,4,Q4,12,December,Dec,24,5,Saturday,51,1,2022-12
20221225,2022-12-25,2022,4,Q4,12,December,Dec,25,6,Sunday,51,1,2022-12
20221226,2022-12-26,2022,4,Q4,12,December,Dec,26,0,Monday,52,0,2022-12
20221227,2022-12-27,2022,4,Q4,12,December,Dec,27,1,Tuesday,52,0,2022-12
20221228,2022-12-28,2022,4,Q4,12,December,Dec,28,2,Wednesday,52,0,2022-12
20221229,2022-12-29,2022,4,Q4,12,December,Dec,29,3,Thursday,52,0,2022-12
20221230,2022-12-30,2022,4,Q4,12,December,Dec,30,4,Friday,52,0,2022-12
20221231,2022-12-31,2022,4,Q4,12,December,Dec,31,5,Saturday,52,1,2022-12
20230101,2023-01-01,2023,1,Q1,1,January,Jan,1,6,Sunday,52,1,2023-01
20230102,2023-01-02,2023,1,Q1,1,January,Jan,2,0,Monday,1,0,2023-01
20230103,2023-01-03,2023,1,Q1,1,January,Jan,3,1,Tuesday,1,0,2023-01
20230104,2023-01-04,2023,1,Q1,1,January,Jan,4,2,Wednesday,1,0,2023-01
20230105,2023-01-05,2023,1,Q1,1,January,Jan,5,3,Thursday,1,0,2023-01
20230106,2023-01-06,2023,1,Q1,1,January,Jan,6,4,Friday,1,0,2023-01
20230107,2023-01-07,2023,1,Q1,1,January,Jan,7,5,Saturday,1,1,2023-01
20230108,2023-01-08,2023,1,Q1,1,January,Jan,8,6,Sunday,1,1,2023-01
20230109,2023-01-09,2023,1,Q1,1,January,Jan,9,0,Monday,2,0,2023-01
20230110,2023-01-10,2023,1,Q1,1,January,Jan,10,1,Tuesday,2,0,2023-01
20230111,2023-01-11,2023,1,Q1,1,January,Jan,11,2,Wednesday,2,0,2023-01
20230112,2023-01-12,2023,1,Q1,1,January,Jan,12,3,Thursday,2,0,2023-01
20230113,2023-01-13,2023,1,Q1,1,January,Jan,13,4,Friday,2,0,2023-01
20230114,2023-01-14,2023,1,Q1,1,January,Jan,14,5,Saturday,2,1,2023-01
20230115,2023-01-15,2023,1,Q1,1,January,Jan,15,6,Sunday,2,1,2023-01
20230116,2023-01-16,2023,1,Q1,1,January,Jan,16,0,Monday,3,0,2023-01
20230117,2023-01-17,2023,1,Q1,1,January,Jan,17,1,Tuesday,3,0,2023-01
20230118,2023-01-18,2023,1,Q1,1,January,Jan,18,2,Wednesday,3,0,2023-01
20230119,2023-01-19,2023,1,Q1,1,January,Jan,19,3,Thursday,3,0,2023-01
20230120,2023-01-20,2023,1,Q1,1,January,Jan,20,4,Friday,3,0,2023-01
20230121,2023-01-21,2023,1,Q1,1,January,Jan,21,5,Saturday,3,1,2023-01
20230122,2023-01-22,2023,1,Q1,1,January,Jan,22,6,Sunday,3,1,2023-01
20230123,2023-01-23,2023,1,Q1,1,January,Jan,23,0,Monday,4,0,2023-01
20230124,2023-01-24,2023,1,Q1,1,January,Jan,24,1,Tuesday,4,0,2023-01
20230125,2023-01-25,2023,1,Q1,1,January,Jan,25,2,Wednesday,4,0,2023-01
20230126,2023-01-26,2023,1,Q1,1,January,Jan,26,3,Thursday,4,0,2023-01
20230127,2023-01-27,2023,1,Q1,1,January,Jan,27,4,Friday,4,0,2023-01
20230128,2023-01-28,2023,1,Q1,1,January,Jan,28,5,Saturday,4,1,2023-01
20230129,2023-01-29,2023,1,Q1,1,January,Jan,29,6,Sunday,4,1,2023-01
20230130,2023-01-30,2023,1,Q1,1,January,Jan,30,0,Monday,5,0,2023-01
20230131,2023-01-31,2023,1,Q1,1,January,Jan,31,1,Tuesday,5,0,2023-01
20230201,2023-02-01,2023,1,Q1,2,February,Feb,1,2,Wednesday,5,0,2023-02
20230202,2023-02-02,2023,1,Q1,2,February,Feb,2,3,Thursday,5,0,2023-02
20230203,2023-02-03,2023,1,Q1,2,February,Feb,3,4,Friday,5,0,2023-02
20230204,2023-02-04,2023,1,Q1,2,February,Feb,4,5,Saturday,5,1,2023-02
20230205,2023-02-05,2023,1,Q1,2,February,Feb,5,6,Sunday,5,1,2023-02
20230206,2023-02-06,2023,1,Q1,2,February,Feb,6,0,Monday,6,0,2023-02
20230207,2023-02-07,2023,1,Q1,2,February,Feb,7,1,Tuesday,6,0,2023-02
20230208,2023-02-08,2023,1,Q1,2,February,Feb,8,2,Wednesday,6,0,2023-02
20230209,2023-02-09,2023,1,Q1,2,February,Feb,9,3,Thursday,6,0,2023-02
20230210,2023-02-10,2023,1,Q1,2,February,Feb,10,4,Friday,6,0,2023-02
20230211,2023-02-11,2023,1,Q1,2,February,Feb,11,5,Saturday,6,1,2023-02
20230212,2023-02-12,2023,1,Q1,2,February,Feb,12,6,Sunday,6,1,2023-02
20230213,2023-02-13,2023,1,Q1,2,February,Feb,13,0,Monday,7,0,2023-02
20230214,2023-02-14,2023,1,Q1,2,February,Feb,14,1,Tuesday,7,0,2023-02
20230215,2023-02-15,2023,1,Q1,2,February,Feb,15,2,Wednesday,7,0,2023-02
20230216,2023-02-16,2023,1,Q1,2,February,Feb,16,3,Thursday,7,0,2023-02
20230217,2023-02-17,2023,1,Q1,2,February,Feb,17,4,Friday,7,0,2023-02
20230218,2023-02-18,2023,1,Q1,2,February,Feb,18,5,Saturday,7,1,2023-02
20230219,2023-02-19,2023,1,Q1,2,February,Feb,19,6,Sunday,7,1,2023-02
20230220,2023-02-20,2023,1,Q1,2,February,Feb,20,0,Monday,8,0,2023-02
20230221,2023-02-21,2023,1,Q1,2,February,Feb,21,1,Tuesday,8,0,2023-02
20230222,2023-02-22,2023,1,Q1,2,February,Feb,22,2,Wednesday,8,0,2023-02
20230223,2023-02-23,2023,1,Q1,2,February,Feb,23,3,Thursday,8,0,2023-02
20230224,2023-02-24,2023,1,Q1,2,February,Feb,24,4,Friday,8,0,2023-02
20230225,2023-02-25,2023,1,Q1,2,February,Feb,25,5,Saturday,8,1,2023-02
20230226,2023-02-26,2023,1,Q1,2,February,Feb,26,6,Sunday,8,1,2023-02
20230227,2023-02-27,2023,1,Q1,2,February,Feb,27,0,Monday,9,0,2023-02
20230228,2023-02-28,2023,1,Q1,2,February,Feb,28,1,Tuesday,9,0,2023-02
20230301,2023-03-01,2023,1,Q1,3,March,Mar,1,2,Wednesday,9,0,2023-03
20230302,2023-03-02,2023,1,Q1,3,March,Mar,2,3,Thursday,9,0,2023-03
20230303,2023-03-03,2023,1,Q1,3,March,Mar,3,4,Friday,9,0,2023-03
20230304,2023-03-04,2023,1,Q1,3,March,Mar,4,5,Saturday,9,1,2023-03
20230305,2023-03-05,2023,1,Q1,3,March,Mar,5,6,Sunday,9,1,2023-03
20230306,2023-03-06,2023,1,Q1,3,March,Mar,6,0,Monday,10,0,2023-03
20230307,2023-03-07,2023,1,Q1,3,March,Mar,7,1,Tuesday,10,0,2023-03
20230308,2023-03-08,2023,1,Q1,3,March,Mar,8,2,Wednesday,10,0,2023-03
20230309,2023-03-09,2023,1,Q1,3,March,Mar,9,3,Thursday,10,0,2023-03
20230310,2023-03-10,2023,1,Q1,3,March,Mar,10,4,Friday,10,0,2023-03
20230311,2023-03-11,2023,1,Q1,3,March,Mar,11,5,Saturday,10,1,2023-03
20230312,2023-03-12,2023,1,Q1,3,March,Mar,12,6,Sunday,10,1,2023-03
20230313,2023-03-13,2023,1,Q1,3,March,Mar,13,0,Monday,11,0,2023-03
20230314,2023-03-14,2023,1,Q1,3,March,Mar,14,1,Tuesday,11,0,2023-03
20230315,2023-03-15,2023,1,Q1,3,March,Mar,15,2,Wednesday,11,0,2023-03
20230316,2023-03-16,2023,1,Q1,3,March,Mar,16,3,Thursday,11,0,2023-03
20230317,2023-03-17,2023,1,Q1,3,March,Mar,17,4,Friday,11,0,2023-03
20230318,2023-03-18,2023,1,Q1,3,March,Mar,18,5,Saturday,11,1,2023-03
20230319,2023-03-19,2023,1,Q1,3,March,Mar,19,6,Sunday,11,1,2023-03
20230320,2023-03-20,2023,1,Q1,3,March,Mar,20,0,Monday,12,0,2023-03
20230321,2023-03-21,2023,1,Q1,3,March,Mar,21,1,Tuesday,12,0,2023-03
20230322,2023-03-22,2023,1,Q1,3,March,Mar,22,2,Wednesday,12,0,2023-03
20230323,2023-03-23,2023,1,Q1,3,March,Mar,23,3,Thursday,12,0,2023-03
20230324,2023-03-24,2023,1,Q1,3,March,Mar,24,4,Friday,12,0,2023-03
20230325,2023-03-25,2023,1,Q1,3,March,Mar,25,5,Saturday,12,1,2023-03
20230326,2023-03-26,2023,1,Q1,3,March,Mar,26,6,Sunday,12,1,2023-03
20230327,2023-03-27,2023,1,Q1,3,March,Mar,27,0,Monday,13,0,2023-03
20230328,2023-03-28,2023,1,Q1,3,March,Mar,28,1,Tuesday,13,0,2023-03
20230329,2023-03-29,2023,1,Q1,3,March,Mar,29,2,Wednesday,13,0,2023-03
20230330,2023-03-30,2023,1,Q1,3,March,Mar,30,3,Thursday,13,0,2023-03
20230331,2023-03-31,2023,1,Q1,3,March,Mar,31,4,Friday,13,0,2023-03
20230401,2023-04-01,2023,2,Q2,4,April,Apr,1,5,Saturday,13,1,2023-04
20230402,2023-04-02,2023,2,Q2,4,April,Apr,2,6,Sunday,13,1,2023-04
20230403,2023-04-03,2023,2,Q2,4,April,Apr,3,0,Monday,14,0,2023-04
20230404,2023-04-04,2023,2,Q2,4,April,Apr,4,1,Tuesday,14,0,2023-04
20230405,2023-04-05,2023,2,Q2,4,April,Apr,5,2,Wednesday,14,0,2023-04
20230406,2023-04-06,2023,2,Q2,4,April,Apr,6,3,Thursday,14,0,2023-04
20230407,2023-04-07,2023,2,Q2,4,April,Apr,7,4,Friday,14,0,2023-04
20230408,2023-04-08,2023,2,Q2,4,April,Apr,8,5,Saturday,14,1,2023-04
20230409,2023-04-09,2023,2,Q2,4,April,Apr,9,6,Sunday,14,1,2023-04
20230410,2023-04-10,2023,2,Q2,4,April,Apr,10,0,Monday,15,0,2023-04
20230411,2023-04-11,2023,2,Q2,4,April,Apr,11,1,Tuesday,15,0,2023-04
20230412,2023-04-12,2023,2,Q2,4,April,Apr,12,2,Wednesday,15,0,2023-04
20230413,2023-04-13,2023,2,Q2,4,April,Apr,13,3,Thursday,15,0,2023-04
20230414,2023-04-14,2023,2,Q2,4,April,Apr,14,4,Friday,15,0,2023-04
20230415,2023-04-15,2023,2,Q2,4,April,Apr,15,5,Saturday,15,1,2023-04
20230416,2023-04-16,2023,2,Q2,4,April,Apr,16,6,Sunday,15,1,2023-04
20230417,2023-04-17,2023,2,Q2,4,April,Apr,17,0,Monday,16,0,2023-04
20230418,2023-04-18,2023,2,Q2,4,April,Apr,18,1,Tuesday,16,0,2023-04
20230419,2023-04-19,2023,2,Q2,4,April,Apr,19,2,Wednesday,16,0,2023-04
20230420,2023-04-20,2023,2,Q2,4,April,Apr,20,3,Thursday,16,0,2023-04
20230421,2023-04-21,2023,2,Q2,4,April,Apr,21,4,Friday,16,0,2023-04
20230422,2023-04-22,2023,2,Q2,4,April,Apr,22,5,Saturday,16,1,2023-04
20230423,2023-04-23,2023,2,Q2,4,April,Apr,23,6,Sunday,16,1,2023-04
20230424,2023-04-24,2023,2,Q2,4,April,Apr,24,0,Monday,17,0,2023-04
20230425,2023-04-25,2023,2,Q2,4,April,Apr,25,1,Tuesday,17,0,2023-04
20230426,2023-04-26,2023,2,Q2,4,April,Apr,26,2,Wednesday,17,0,2023-04
20230427,2023-04-27,2023,2,Q2,4,April,Apr,27,3,Thursday,17,0,2023-04
20230428,2023-04-28,2023,2,Q2,4,April,Apr,28,4,Friday,17,0,2023-04
20230429,2023-04-29,2023,2,Q2,4,April,Apr,29,5,Saturday,17,1,2023-04
20230430,2023-04-30,2023,2,Q2,4,April,Apr,30,6,Sunday,17,1,2023-04
20230501,2023-05-01,2023,2,Q2,5,May,May,1,0,Monday,18,0,2023-05
20230502,2023-05-02,2023,2,Q2,5,May,May,2,1,Tuesday,18,0,2023-05
20230503,2023-05-03,2023,2,Q2,5,May,May,3,2,Wednesday,18,0,2023-05
20230504,2023-05-04,2023,2,Q2,5,May,May,4,3,Thursday,18,0,2023-05
20230505,2023-05-05,2023,2,Q2,5,May,May,5,4,Friday,18,0,2023-05
20230506,2023-05-06,2023,2,Q2,5,May,May,6,5,Saturday,18,1,2023-05
20230507,2023-05-07,2023,2,Q2,5,May,May,7,6,Sunday,18,1,2023-05
20230508,2023-05-08,2023,2,Q2,5,May,May,8,0,Monday,19,0,2023-05
20230509,2023-05-09,2023,2,Q2,5,May,May,9,1,Tuesday,19,0,2023-05
20230510,2023-05-10,2023,2,Q2,5,May,May,10,2,Wednesday,19,0,2023-05
20230511,2023-05-11,2023,2,Q2,5,May,May,11,3,Thursday,19,0,2023-05
20230512,2023-05-12,2023,2,Q2,5,May,May,12,4,Friday,19,0,2023-05
20230513,2023-05-13,2023,2,Q2,5,May,May,13,5,Saturday,19,1,2023-05
20230514,2023-05-14,2023,2,Q2,5,May,May,14,6,Sunday,19,1,2023-05
20230515,2023-05-15,2023,2,Q2,5,May,May,15,0,Monday,20,0,2023-05
20230516,2023-05-16,2023,2,Q2,5,May,May,16,1,Tuesday,20,0,2023-05
20230517,2023-05-17,2023,2,Q2,5,May,May,17,2,Wednesday,20,0,2023-05
20230518,2023-05-18,2023,2,Q2,5,May,May,18,3,Thursday,20,0,2023-05
20230519,2023-05-19,2023,2,Q2,5,May,May,19,4,Friday,20,0,2023-05
20230520,2023-05-20,2023,2,Q2,5,May,May,20,5,Saturday,20,1,2023-05
20230521,2023-05-21,2023,2,Q2,5,May,May,21,6,Sunday,20,1,2023-05
20230522,2023-05-22,2023,2,Q2,5,May,May,22,0,Monday,21,0,2023-05
20230523,2023-05-23,2023,2,Q2,5,May,May,23,1,Tuesday,21,0,2023-05
20230524,2023-05-24,2023,2,Q2,5,May,May,24,2,Wednesday,21,0,2023-05
20230525,2023-05-25,2023,2,Q2,5,May,May,25,3,Thursday,21,0,2023-05
20230526,2023-05-26,2023,2,Q2,5,May,May,26,4,Friday,21,0,2023-05
20230527,2023-05-27,2023,2,Q2,5,May,May,27,5,Saturday,21,1,2023-05
20230528,2023-05-28,2023,2,Q2,5,May,May,28,6,Sunday,21,1,2023-05
20230529,2023-05-29,2023,2,Q2,5,May,May,29,0,Monday,22,0,2023-05
20230530,2023-05-30,2023,2,Q2,5,May,May,30,1,Tuesday,22,0,2023-05
20230531,2023-05-31,2023,2,Q2,5,May,May,31,2,Wednesday,22,0,2023-05
20230601,2023-06-01,2023,2,Q2,6,June,Jun,1,3,Thursday,22,0,2023-06
20230602,2023-06-02,2023,2,Q2,6,June,Jun,2,4,Friday,22,0,2023-06
20230603,2023-06-03,2023,2,Q2,6,June,Jun,3,5,Saturday,22,1,2023-06
20230604,2023-06-04,2023,2,Q2,6,June,Jun,4,6,Sunday,22,1,2023-06
20230605,2023-06-05,2023,2,Q2,6,June,Jun,5,0,Monday,23,0,2023-06
20230606,2023-06-06,2023,2,Q2,6,June,Jun,6,1,Tuesday,23,0,2023-06
20230607,2023-06-07,2023,2,Q2,6,June,Jun,7,2,Wednesday,23,0,2023-06
20230608,2023-06-08,2023,2,Q2,6,June,Jun,8,3,Thursday,23,0,2023-06
20230609,2023-06-09,2023,2,Q2,6,June,Jun,9,4,Friday,23,0,2023-06
20230610,2023-06-10,2023,2,Q2,6,June,Jun,10,5,Saturday,23,1,2023-06
20230611,2023-06-11,2023,2,Q2,6,June,Jun,11,6,Sunday,23,1,2023-06
20230612,2023-06-12,2023,2,Q2,6,June,Jun,12,0,Monday,24,0,2023-06
20230613,2023-06-13,2023,2,Q2,6,June,Jun,13,1,Tuesday,24,0,2023-06
20230614,2023-06-14,2023,2,Q2,6,June,Jun,14,2,Wednesday,24,0,2023-06
20230615,2023-06-15,2023,2,Q2,6,June,Jun,15,3,Thursday,24,0,2023-06
20230616,2023-06-16,2023,2,Q2,6,June,Jun,16,4,Friday,24,0,2023-06
20230617,2023-06-17,2023,2,Q2,6,June,Jun,17,5,Saturday,24,1,2023-06
20230618,2023-06-18,2023,2,Q2,6,June,Jun,18,6,Sunday,24,1,2023-06
20230619,2023-06-19,2023,2,Q2,6,June,Jun,19,0,Monday,25,0,2023-06
20230620,2023-06-20,2023,2,Q2,6,June,Jun,20,1,Tuesday,25,0,2023-06
20230621,2023-06-21,2023,2,Q2,6,June,Jun,21,2,Wednesday,25,0,2023-06
20230622,2023-06-22,2023,2,Q2,6,June,Jun,22,3,Thursday,25,0,2023-06
20230623,2023-06-23,2023,2,Q2,6,June,Jun,23,4,Friday,25,0,2023-06
20230624,2023-06-24,2023,2,Q2,6,June,Jun,24,5,Saturday,25,1,2023-06
20230625,2023-06-25,2023,2,Q2,6,June,Jun,25,6,Sunday,25,1,2023-06
20230626,2023-06-26,2023,2,Q2,6,June,Jun,26,0,Monday,26,0,2023-06
20230627,2023-06-27,2023,2,Q2,6,June,Jun,27,1,Tuesday,26,0,2023-06
20230628,2023-06-28,2023,2,Q2,6,June,Jun,28,2,Wednesday,26,0,2023-06
20230629,2023-06-29,2023,2,Q2,6,June,Jun,29,3,Thursday,26,0,2023-06
20230630,2023-06-30,2023,2,Q2,6,June,Jun,30,4,Friday,26,0,2023-06
20230701,2023-07-01,2023,3,Q3,7,July,Jul,1,5,Saturday,26,1,2023-07
20230702,2023-07-02,2023,3,Q3,7,July,Jul,2,6,Sunday,26,1,2023-07
20230703,2023-07-03,2023,3,Q3,7,July,Jul,3,0,Monday,27,0,2023-07
20230704,2023-07-04,2023,3,Q3,7,July,Jul,4,1,Tuesday,27,0,2023-07
20230705,2023-07-05,2023,3,Q3,7,July,Jul,5,2,Wednesday,27,0,2023-07
20230706,2023-07-06,2023,3,Q3,7,July,Jul,6,3,Thursday,27,0,2023-07
20230707,2023-07-07,2023,3,Q3,7,July,Jul,7,4,Friday,27,0,2023-07
20230708,2023-07-08,2023,3,Q3,7,July,Jul,8,5,Saturday,27,1,2023-07
20230709,2023-07-09,2023,3,Q3,7,July,Jul,9,6,Sunday,27,1,2023-07
20230710,2023-07-10,2023,3,Q3,7,July,Jul,10,0,Monday,28,0,2023-07
20230711,2023-07-11,2023,3,Q3,7,July,Jul,11,1,Tuesday,28,0,2023-07
20230712,2023-07-12,2023,3,Q3,7,July,Jul,12,2,Wednesday,28,0,2023-07
20230713,2023-07-13,2023,3,Q3,7,July,Jul,13,3,Thursday,28,0,2023-07
20230714,2023-07-14,2023,3,Q3,7,July,Jul,14,4,Friday,28,0,2023-07
20230715,2023-07-15,2023,3,Q3,7,July,Jul,15,5,Saturday,28,1,2023-07
20230716,2023-07-16,2023,3,Q3,7,July,Jul,16,6,Sunday,28,1,2023-07
20230717,2023-07-17,2023,3,Q3,7,July,Jul,17,0,Monday,29,0,2023-07
20230718,2023-07-18,2023,3,Q3,7,July,Jul,18,1,Tuesday,29,0,2023-07
20230719,2023-07-19,2023,3,Q3,7,July,Jul,19,2,Wednesday,29,0,2023-07
20230720,2023-07-20,2023,3,Q3,7,July,Jul,20,3,Thursday,29,0,2023-07
20230721,2023-07-21,2023,3,Q3,7,July,Jul,21,4,Friday,29,0,2023-07
20230722,2023-07-22,2023,3,Q3,7,July,Jul,22,5,Saturday,29,1,2023-07
20230723,2023-07-23,2023,3,Q3,7,July,Jul,23,6,Sunday,29,1,2023-07
20230724,2023-07-24,2023,3,Q3,7,July,Jul,24,0,Monday,30,0,2023-07
20230725,2023-07-25,2023,3,Q3,7,July,Jul,25,1,Tuesday,30,0,2023-07
20230726,2023-07-26,2023,3,Q3,7,July,Jul,26,2,Wednesday,30,0,2023-07
20230727,2023-07-27,2023,3,Q3,7,July,Jul,27,3,Thursday,30,0,2023-07
20230728,2023-07-28,2023,3,Q3,7,July,Jul,28,4,Friday,30,0,2023-07
20230729,2023-07-29,2023,3,Q3,7,July,Jul,29,5,Saturday,30,1,2023-07
20230730,2023-07-30,2023,3,Q3,7,July,Jul,30,6,Sunday,30,1,2023-07
20230731,2023-07-31,2023,3,Q3,7,July,Jul,31,0,Monday,31,0,2023-07
20230801,2023-08-01,2023,3,Q3,8,August,Aug,1,1,Tuesday,31,0,2023-08
20230802,2023-08-02,2023,3,Q3,8,August,Aug,2,2,Wednesday,31,0,2023-08
20230803,2023-08-03,2023,3,Q3,8,August,Aug,3,3,Thursday,31,0,2023-08
20230804,2023-08-04,2023,3,Q3,8,August,Aug,4,4,Friday,31,0,2023-08
20230805,2023-08-05,2023,3,Q3,8,August,Aug,5,5,Saturday,31,1,2023-08
20230806,2023-08-06,2023,3,Q3,8,August,Aug,6,6,Sunday,31,1,2023-08
20230807,2023-08-07,2023,3,Q3,8,August,Aug,7,0,Monday,32,0,2023-08
20230808,2023-08-08,2023,3,Q3,8,August,Aug,8,1,Tuesday,32,0,2023-08
20230809,2023-08-09,2023,3,Q3,8,August,Aug,9,2,Wednesday,32,0,2023-08
20230810,2023-08-10,2023,3,Q3,8,August,Aug,10,3,Thursday,32,0,2023-08
20230811,2023-08-11,2023,3,Q3,8,August,Aug,11,4,Friday,32,0,2023-08
20230812,2023-08-12,2023,3,Q3,8,August,Aug,12,5,Saturday,32,1,2023-08
20230813,2023-08-13,2023,3,Q3,8,August,Aug,13,6,Sunday,32,1,2023-08
20230814,2023-08-14,2023,3,Q3,8,August,Aug,14,0,Monday,33,0,2023-08
20230815,2023-08-15,2023,3,Q3,8,August,Aug,15,1,Tuesday,33,0,2023-08
20230816,2023-08-16,2023,3,Q3,8,August,Aug,16,2,Wednesday,33,0,2023-08
20230817,2023-08-17,2023,3,Q3,8,August,Aug,17,3,Thursday,33,0,2023-08
20230818,2023-08-18,2023,3,Q3,8,August,Aug,18,4,Friday,33,0,2023-08
20230819,2023-08-19,2023,3,Q3,8,August,Aug,19,5,Saturday,33,1,2023-08
20230820,2023-08-20,2023,3,Q3,8,August,Aug,20,6,Sunday,33,1,2023-08
20230821,2023-08-21,2023,3,Q3,8,August,Aug,21,0,Monday,34,0,2023-08
20230822,2023-08-22,2023,3,Q3,8,August,Aug,22,1,Tuesday,34,0,2023-08
20230823,2023-08-23,2023,3,Q3,8,August,Aug,23,2,Wednesday,34,0,2023-08
20230824,2023-08-24,2023,3,Q3,8,August,Aug,24,3,Thursday,34,0,2023-08
20230825,2023-08-25,2023,3,Q3,8,August,Aug,25,4,Friday,34,0,2023-08
20230826,2023-08-26,2023,3,Q3,8,August,Aug,26,5,Saturday,34,1,2023-08
20230827,2023-08-27,2023,3,Q3,8,August,Aug,27,6,Sunday,34,1,2023-08
20230828,2023-08-28,2023,3,Q3,8,August,Aug,28,0,Monday,35,0,2023-08
20230829,2023-08-29,2023,3,Q3,8,August,Aug,29,1,Tuesday,35,0,2023-08
20230830,2023-08-30,2023,3,Q3,8,August,Aug,30,2,Wednesday,35,0,2023-08
20230831,2023-08-31,2023,3,Q3,8,August,Aug,31,3,Thursday,35,0,2023-08
20230901,2023-09-01,2023,3,Q3,9,September,Sep,1,4,Friday,35,0,2023-09
20230902,2023-09-02,2023,3,Q3,9,September,Sep,2,5,Saturday,35,1,2023-09
20230903,2023-09-03,2023,3,Q3,9,September,Sep,3,6,Sunday,35,1,2023-09
20230904,2023-09-04,2023,3,Q3,9,September,Sep,4,0,Monday,36,0,2023-09
20230905,2023-09-05,2023,3,Q3,9,September,Sep,5,1,Tuesday,36,0,2023-09
20230906,2023-09-06,2023,3,Q3,9,September,Sep,6,2,Wednesday,36,0,2023-09
20230907,2023-09-07,2023,3,Q3,9,September,Sep,7,3,Thursday,36,0,2023-09
20230908,2023-09-08,2023,3,Q3,9,September,Sep,8,4,Friday,36,0,2023-09
20230909,2023-09-09,2023,3,Q3,9,September,Sep,9,5,Saturday,36,1,2023-09
20230910,2023-09-10,2023,3,Q3,9,September,Sep,10,6,Sunday,36,1,2023-09
20230911,2023-09-11,2023,3,Q3,9,September,Sep,11,0,Monday,37,0,2023-09
20230912,2023-09-12,2023,3,Q3,9,September,Sep,12,1,Tuesday,37,0,2023-09
20230913,2023-09-13,2023,3,Q3,9,September,Sep,13,2,Wednesday,37,0,2023-09
20230914,2023-09-14,2023,3,Q3,9,September,Sep,14,3,Thursday,37,0,2023-09
20230915,2023-09-15,2023,3,Q3,9,September,Sep,15,4,Friday,37,0,2023-09
20230916,2023-09-16,2023,3,Q3,9,September,Sep,16,5,Saturday,37,1,2023-09
20230917,2023-09-17,2023,3,Q3,9,September,Sep,17,6,Sunday,37,1,2023-09
20230918,2023-09-18,2023,3,Q3,9,September,Sep,18,0,Monday,38,0,2023-09
20230919,2023-09-19,2023,3,Q3,9,September,Sep,19,1,Tuesday,38,0,2023-09
20230920,2023-09-20,2023,3,Q3,9,September,Sep,20,2,Wednesday,38,0,2023-09
20230921,2023-09-21,2023,3,Q3,9,September,Sep,21,3,Thursday,38,0,2023-09
20230922,2023-09-22,2023,3,Q3,9,September,Sep,22,4,Friday,38,0,2023-09
20230923,2023-09-23,2023,3,Q3,9,September,Sep,23,5,Saturday,38,1,2023-09
20230924,2023-09-24,2023,3,Q3,9,September,Sep,24,6,Sunday,38,1,2023-09
20230925,2023-09-25,2023,3,Q3,9,September,Sep,25,0,Monday,39,0,2023-09
20230926,2023-09-26,2023,3,Q3,9,September,Sep,26,1,Tuesday,39,0,2023-09
20230927,2023-09-27,2023,3,Q3,9,September,Sep,27,2,Wednesday,39,0,2023-09
20230928,2023-09-28,2023,3,Q3,9,September,Sep,28,3,Thursday,39,0,2023-09
20230929,2023-09-29,2023,3,Q3,9,September,Sep,29,4,Friday,39,0,2023-09
20230930,2023-09-30,2023,3,Q3,9,September,Sep,30,5,Saturday,39,1,2023-09
20231001,2023-10-01,2023,4,Q4,10,October,Oct,1,6,Sunday,39,1,2023-10
20231002,2023-10-02,2023,4,Q4,10,October,Oct,2,0,Monday,40,0,2023-10
20231003,2023-10-03,2023,4,Q4,10,October,Oct,3,1,Tuesday,40,0,2023-10
20231004,2023-10-04,2023,4,Q4,10,October,Oct,4,2,Wednesday,40,0,2023-10
20231005,2023-10-05,2023,4,Q4,10,October,Oct,5,3,Thursday,40,0,2023-10
20231006,2023-10-06,2023,4,Q4,10,October,Oct,6,4,Friday,40,0,2023-10
20231007,2023-10-07,2023,4,Q4,10,October,Oct,7,5,Saturday,40,1,2023-10
20231008,2023-10-08,2023,4,Q4,10,October,Oct,8,6,Sunday,40,1,2023-10
20231009,2023-10-09,2023,4,Q4,10,October,Oct,9,0,Monday,41,0,2023-10
20231010,2023-10-10,2023,4,Q4,10,October,Oct,10,1,Tuesday,41,0,2023-10
20231011,2023-10-11,2023,4,Q4,10,October,Oct,11,2,Wednesday,41,0,2023-10
20231012,2023-10-12,2023,4,Q4,10,October,Oct,12,3,Thursday,41,0,2023-10
20231013,2023-10-13,2023,4,Q4,10,October,Oct,13,4,Friday,41,0,2023-10
20231014,2023-10-14,2023,4,Q4,10,October,Oct,14,5,Saturday,41,1,2023-10
20231015,2023-10-15,2023,4,Q4,10,October,Oct,15,6,Sunday,41,1,2023-10
20231016,2023-10-16,2023,4,Q4,10,October,Oct,16,0,Monday,42,0,2023-10
20231017,2023-10-17,2023,4,Q4,10,October,Oct,17,1,Tuesday,42,0,2023-10
20231018,2023-10-18,2023,4,Q4,10,October,Oct,18,2,Wednesday,42,0,2023-10
20231019,2023-10-19,2023,4,Q4,10,October,Oct,19,3,Thursday,42,0,2023-10
20231020,2023-10-20,2023,4,Q4,10,October,Oct,20,4,Friday,42,0,2023-10
20231021,2023-10-21,2023,4,Q4,10,October,Oct,21,5,Saturday,42,1,2023-10
20231022,2023-10-22,2023,4,Q4,10,October,Oct,22,6,Sunday,42,1,2023-10
20231023,2023-10-23,2023,4,Q4,10,October,Oct,23,0,Monday,43,0,2023-10
20231024,2023-10-24,2023,4,Q4,10,October,Oct,24,1,Tuesday,43,0,2023-10
20231025,2023-10-25,2023,4,Q4,10,October,Oct,25,2,Wednesday,43,0,2023-10
20231026,2023-10-26,2023,4,Q4,10,October,Oct,26,3,Thursday,43,0,2023-10
20231027,2023-10-27,2023,4,Q4,10,October,Oct,27,4,Friday,43,0,2023-10
20231028,2023-10-28,2023,4,Q4,10,October,Oct,28,5,Saturday,43,1,2023-10
20231029,2023-10-29,2023,4,Q4,10,October,Oct,29,6,Sunday,43,1,2023-10
20231030,2023-10-30,2023,4,Q4,10,October,Oct,30,0,Monday,44,0,2023-10
20231031,2023-10-31,2023,4,Q4,10,October,Oct,31,1,Tuesday,44,0,2023-10
20231101,2023-11-01,2023,4,Q4,11,November,Nov,1,2,Wednesday,44,0,2023-11
20231102,2023-11-02,2023,4,Q4,11,November,Nov,2,3,Thursday,44,0,2023-11
20231103,2023-11-03,2023,4,Q4,11,November,Nov,3,4,Friday,44,0,2023-11
20231104,2023-11-04,2023,4,Q4,11,November,Nov,4,5,Saturday,44,1,2023-11
20231105,2023-11-05,2023,4,Q4,11,November,Nov,5,6,Sunday,44,1,2023-11
20231106,2023-11-06,2023,4,Q4,11,November,Nov,6,0,Monday,45,0,2023-11
20231107,2023-11-07,2023,4,Q4,11,November,Nov,7,1,Tuesday,45,0,2023-11
20231108,2023-11-08,2023,4,Q4,11,November,Nov,8,2,Wednesday,45,0,2023-11
20231109,2023-11-09,2023,4,Q4,11,November,Nov,9,3,Thursday,45,0,2023-11
20231110,2023-11-10,2023,4,Q4,11,November,Nov,10,4,Friday,45,0,2023-11
20231111,2023-11-11,2023,4,Q4,11,November,Nov,11,5,Saturday,45,1,2023-11
20231112,2023-11-12,2023,4,Q4,11,November,Nov,12,6,Sunday,45,1,2023-11
20231113,2023-11-13,2023,4,Q4,11,November,Nov,13,0,Monday,46,0,2023-11
20231114,2023-11-14,2023,4,Q4,11,November,Nov,14,1,Tuesday,46,0,2023-11
20231115,2023-11-15,2023,4,Q4,11,November,Nov,15,2,Wednesday,46,0,2023-11
20231116,2023-11-16,2023,4,Q4,11,November,Nov,16,3,Thursday,46,0,2023-11
20231117,2023-11-17,2023,4,Q4,11,November,Nov,17,4,Friday,46,0,2023-11
20231118,2023-11-18,2023,4,Q4,11,November,Nov,18,5,Saturday,46,1,2023-11
20231119,2023-11-19,2023,4,Q4,11,November,Nov,19,6,Sunday,46,1,2023-11
20231120,2023-11-20,2023,4,Q4,11,November,Nov,20,0,Monday,47,0,2023-11
20231121,2023-11-21,2023,4,Q4,11,November,Nov,21,1,Tuesday,47,0,2023-11
20231122,2023-11-22,2023,4,Q4,11,November,Nov,22,2,Wednesday,47,0,2023-11
20231123,2023-11-23,2023,4,Q4,11,November,Nov,23,3,Thursday,47,0,2023-11
20231124,2023-11-24,2023,4,Q4,11,November,Nov,24,4,Friday,47,0,2023-11
20231125,2023-11-25,2023,4,Q4,11,November,Nov,25,5,Saturday,47,1,2023-11
20231126,2023-11-26,2023,4,Q4,11,November,Nov,26,6,Sunday,47,1,2023-11
20231127,2023-11-27,2023,4,Q4,11,November,Nov,27,0,Monday,48,0,2023-11
20231128,2023-11-28,2023,4,Q4,11,November,Nov,28,1,Tuesday,48,0,2023-11
20231129,2023-11-29,2023,4,Q4,11,November,Nov,29,2,Wednesday,48,0,2023-11
20231130,2023-11-30,2023,4,Q4,11,November,Nov,30,3,Thursday,48,0,2023-11
20231201,2023-12-01,2023,4,Q4,12,December,Dec,1,4,Friday,48,0,2023-12
20231202,2023-12-02,2023,4,Q4,12,December,Dec,2,5,Saturday,48,1,2023-12
20231203,2023-12-03,2023,4,Q4,12,December,Dec,3,6,Sunday,48,1,2023-12
20231204,2023-12-04,2023,4,Q4,12,December,Dec,4,0,Monday,49,0,2023-12
20231205,2023-12-05,2023,4,Q4,12,December,Dec,5,1,Tuesday,49,0,2023-12
20231206,2023-12-06,2023,4,Q4,12,December,Dec,6,2,Wednesday,49,0,2023-12
20231207,2023-12-07,2023,4,Q4,12,December,Dec,7,3,Thursday,49,0,2023-12
20231208,2023-12-08,2023,4,Q4,12,December,Dec,8,4,Friday,49,0,2023-12
20231209,2023-12-09,2023,4,Q4,12,December,Dec,9,5,Saturday,49,1,2023-12
20231210,2023-12-10,2023,4,Q4,12,December,Dec,10,6,Sunday,49,1,2023-12
20231211,2023-12-11,2023,4,Q4,12,December,Dec,11,0,Monday,50,0,2023-12
20231212,2023-12-12,2023,4,Q4,12,December,Dec,12,1,Tuesday,50,0,2023-12
20231213,2023-12-13,2023,4,Q4,12,December,Dec,13,2,Wednesday,50,0,2023-12
20231214,2023-12-14,2023,4,Q4,12,December,Dec,14,3,Thursday,50,0,2023-12
20231215,2023-12-15,2023,4,Q4,12,December,Dec,15,4,Friday,50,0,2023-12
20231216,2023-12-16,2023,4,Q4,12,December,Dec,16,5,Saturday,50,1,2023-12
20231217,2023-12-17,2023,4,Q4,12,December,Dec,17,6,Sunday,50,1,2023-12
20231218,2023-12-18,2023,4,Q4,12,December,Dec,18,0,Monday,51,0,2023-12
20231219,2023-12-19,2023,4,Q4,12,December,Dec,19,1,Tuesday,51,0,2023-12
20231220,2023-12-20,2023,4,Q4,12,December,Dec,20,2,Wednesday,51,0,2023-12
20231221,2023-12-21,2023,4,Q4,12,December,Dec,21,3,Thursday,51,0,2023-12
20231222,2023-12-22,2023,4,Q4,12,December,Dec,22,4,Friday,51,0,2023-12
20231223,2023-12-23,2023,4,Q4,12,December,Dec,23,5,Saturday,51,1,2023-12
20231224,2023-12-24,2023,4,Q4,12,December,Dec,24,6,Sunday,51,1,2023-12
20231225,2023-12-25,2023,4,Q4,12,December,Dec,25,0,Monday,52,0,2023-12
20231226,2023-12-26,2023,4,Q4,12,December,Dec,26,1,Tuesday,52,0,2023-12
20231227,2023-12-27,2023,4,Q4,12,December,Dec,27,2,Wednesday,52,0,2023-12
20231228,2023-12-28,2023,4,Q4,12,December,Dec,28,3,Thursday,52,0,2023-12
20231229,2023-12-29,2023,4,Q4,12,December,Dec,29,4,Friday,52,0,2023-12
20231230,2023-12-30,2023,4,Q4,12,December,Dec,30,5,Saturday,52,1,2023-12
20231231,2023-12-31,2023,4,Q4,12,December,Dec,31,6,Sunday,52,1,2023-12
20240101,2024-01-01,2024,1,Q1,1,January,Jan,1,0,Monday,1,0,2024-01
20240102,2024-01-02,2024,1,Q1,1,January,Jan,2,1,Tuesday,1,0,2024-01
20240103,2024-01-03,2024,1,Q1,1,January,Jan,3,2,Wednesday,1,0,2024-01
20240104,2024-01-04,2024,1,Q1,1,January,Jan,4,3,Thursday,1,0,2024-01
20240105,2024-01-05,2024,1,Q1,1,January,Jan,5,4,Friday,1,0,2024-01
20240106,2024-01-06,2024,1,Q1,1,January,Jan,6,5,Saturday,1,1,2024-01
20240107,2024-01-07,2024,1,Q1,1,January,Jan,7,6,Sunday,1,1,2024-01
20240108,2024-01-08,2024,1,Q1,1,January,Jan,8,0,Monday,2,0,2024-01
20240109,2024-01-09,2024,1,Q1,1,January,Jan,9,1,Tuesday,2,0,2024-01
20240110,2024-01-10,2024,1,Q1,1,January,Jan,10,2,Wednesday,2,0,2024-01
20240111,2024-01-11,2024,1,Q1,1,January,Jan,11,3,Thursday,2,0,2024-01
20240112,2024-01-12,2024,1,Q1,1,January,Jan,12,4,Friday,2,0,2024-01
20240113,2024-01-13,2024,1,Q1,1,January,Jan,13,5,Saturday,2,1,2024-01
20240114,2024-01-14,2024,1,Q1,1,January,Jan,14,6,Sunday,2,1,2024-01
20240115,2024-01-15,2024,1,Q1,1,January,Jan,15,0,Monday,3,0,2024-01
20240116,2024-01-16,2024,1,Q1,1,January,Jan,16,1,Tuesday,3,0,2024-01
20240117,2024-01-17,2024,1,Q1,1,January,Jan,17,2,Wednesday,3,0,2024-01
20240118,2024-01-18,2024,1,Q1,1,January,Jan,18,3,Thursday,3,0,2024-01
20240119,2024-01-19,2024,1,Q1,1,January,Jan,19,4,Friday,3,0,2024-01
20240120,2024-01-20,2024,1,Q1,1,January,Jan,20,5,Saturday,3,1,2024-01
20240121,2024-01-21,2024,1,Q1,1,January,Jan,21,6,Sunday,3,1,2024-01
20240122,2024-01-22,2024,1,Q1,1,January,Jan,22,0,Monday,4,0,2024-01
20240123,2024-01-23,2024,1,Q1,1,January,Jan,23,1,Tuesday,4,0,2024-01
20240124,2024-01-24,2024,1,Q1,1,January,Jan,24,2,Wednesday,4,0,2024-01
20240125,2024-01-25,2024,1,Q1,1,January,Jan,25,3,Thursday,4,0,2024-01
20240126,2024-01-26,2024,1,Q1,1,January,Jan,26,4,Friday,4,0,2024-01
20240127,2024-01-27,2024,1,Q1,1,January,Jan,27,5,Saturday,4,1,2024-01
20240128,2024-01-28,2024,1,Q1,1,January,Jan,28,6,Sunday,4,1,2024-01
20240129,2024-01-29,2024,1,Q1,1,January,Jan,29,0,Monday,5,0,2024-01
20240130,2024-01-30,2024,1,Q1,1,January,Jan,30,1,Tuesday,5,0,2024-01
20240131,2024-01-31,2024,1,Q1,1,January,Jan,31,2,Wednesday,5,0,2024-01
20240201,2024-02-01,2024,1,Q1,2,February,Feb,1,3,Thursday,5,0,2024-02
20240202,2024-02-02,2024,1,Q1,2,February,Feb,2,4,Friday,5,0,2024-02
20240203,2024-02-03,2024,1,Q1,2,February,Feb,3,5,Saturday,5,1,2024-02
20240204,2024-02-04,2024,1,Q1,2,February,Feb,4,6,Sunday,5,1,2024-02
20240205,2024-02-05,2024,1,Q1,2,February,Feb,5,0,Monday,6,0,2024-02
20240206,2024-02-06,2024,1,Q1,2,February,Feb,6,1,Tuesday,6,0,2024-02
20240207,2024-02-07,2024,1,Q1,2,February,Feb,7,2,Wednesday,6,0,2024-02
20240208,2024-02-08,2024,1,Q1,2,February,Feb,8,3,Thursday,6,0,2024-02
20240209,2024-02-09,2024,1,Q1,2,February,Feb,9,4,Friday,6,0,2024-02
20240210,2024-02-10,2024,1,Q1,2,February,Feb,10,5,Saturday,6,1,2024-02
20240211,2024-02-11,2024,1,Q1,2,February,Feb,11,6,Sunday,6,1,2024-02
20240212,2024-02-12,2024,1,Q1,2,February,Feb,12,0,Monday,7,0,2024-02
20240213,2024-02-13,2024,1,Q1,2,February,Feb,13,1,Tuesday,7,0,2024-02
20240214,2024-02-14,2024,1,Q1,2,February,Feb,14,2,Wednesday,7,0,2024-02
20240215,2024-02-15,2024,1,Q1,2,February,Feb,15,3,Thursday,7,0,2024-02
20240216,2024-02-16,2024,1,Q1,2,February,Feb,16,4,Friday,7,0,2024-02
20240217,2024-02-17,2024,1,Q1,2,February,Feb,17,5,Saturday,7,1,2024-02
20240218,2024-02-18,2024,1,Q1,2,February,Feb,18,6,Sunday,7,1,2024-02
20240219,2024-02-19,2024,1,Q1,2,February,Feb,19,0,Monday,8,0,2024-02
20240220,2024-02-20,2024,1,Q1,2,February,Feb,20,1,Tuesday,8,0,2024-02
20240221,2024-02-21,2024,1,Q1,2,February,Feb,21,2,Wednesday,8,0,2024-02
20240222,2024-02-22,2024,1,Q1,2,February,Feb,22,3,Thursday,8,0,2024-02
20240223,2024-02-23,2024,1,Q1,2,February,Feb,23,4,Friday,8,0,2024-02
20240224,2024-02-24,2024,1,Q1,2,February,Feb,24,5,Saturday,8,1,2024-02
20240225,2024-02-25,2024,1,Q1,2,February,Feb,25,6,Sunday,8,1,2024-02
20240226,2024-02-26,2024,1,Q1,2,February,Feb,26,0,Monday,9,0,2024-02
20240227,2024-02-27,2024,1,Q1,2,February,Feb,27,1,Tuesday,9,0,2024-02
20240228,2024-02-28,2024,1,Q1,2,February,Feb,28,2,Wednesday,9,0,2024-02
20240229,2024-02-29,2024,1,Q1,2,February,Feb,29,3,Thursday,9,0,2024-02
20240301,2024-03-01,2024,1,Q1,3,March,Mar,1,4,Friday,9,0,2024-03
20240302,2024-03-02,2024,1,Q1,3,March,Mar,2,5,Saturday,9,1,2024-03
20240303,2024-03-03,2024,1,Q1,3,March,Mar,3,6,Sunday,9,1,2024-03
20240304,2024-03-04,2024,1,Q1,3,March,Mar,4,0,Monday,10,0,2024-03
20240305,2024-03-05,2024,1,Q1,3,March,Mar,5,1,Tuesday,10,0,2024-03
20240306,2024-03-06,2024,1,Q1,3,March,Mar,6,2,Wednesday,10,0,2024-03
20240307,2024-03-07,2024,1,Q1,3,March,Mar,7,3,Thursday,10,0,2024-03
20240308,2024-03-08,2024,1,Q1,3,March,Mar,8,4,Friday,10,0,2024-03
20240309,2024-03-09,2024,1,Q1,3,March,Mar,9,5,Saturday,10,1,2024-03
20240310,2024-03-10,2024,1,Q1,3,March,Mar,10,6,Sunday,10,1,2024-03
20240311,2024-03-11,2024,1,Q1,3,March,Mar,11,0,Monday,11,0,2024-03
20240312,2024-03-12,2024,1,Q1,3,March,Mar,12,1,Tuesday,11,0,2024-03
20240313,2024-03-13,2024,1,Q1,3,March,Mar,13,2,Wednesday,11,0,2024-03
20240314,2024-03-14,2024,1,Q1,3,March,Mar,14,3,Thursday,11,0,2024-03
20240315,2024-03-15,2024,1,Q1,3,March,Mar,15,4,Friday,11,0,2024-03
20240316,2024-03-16,2024,1,Q1,3,March,Mar,16,5,Saturday,11,1,2024-03
20240317,2024-03-17,2024,1,Q1,3,March,Mar,17,6,Sunday,11,1,2024-03
20240318,2024-03-18,2024,1,Q1,3,March,Mar,18,0,Monday,12,0,2024-03
20240319,2024-03-19,2024,1,Q1,3,March,Mar,19,1,Tuesday,12,0,2024-03
20240320,2024-03-20,2024,1,Q1,3,March,Mar,20,2,Wednesday,12,0,2024-03
20240321,2024-03-21,2024,1,Q1,3,March,Mar,21,3,Thursday,12,0,2024-03
20240322,2024-03-22,2024,1,Q1,3,March,Mar,22,4,Friday,12,0,2024-03
20240323,2024-03-23,2024,1,Q1,3,March,Mar,23,5,Saturday,12,1,2024-03
20240324,2024-03-24,2024,1,Q1,3,March,Mar,24,6,Sunday,12,1,2024-03
20240325,2024-03-25,2024,1,Q1,3,March,Mar,25,0,Monday,13,0,2024-03
20240326,2024-03-26,2024,1,Q1,3,March,Mar,26,1,Tuesday,13,0,2024-03
20240327,2024-03-27,2024,1,Q1,3,March,Mar,27,2,Wednesday,13,0,2024-03
20240328,2024-03-28,2024,1,Q1,3,March,Mar,28,3,Thursday,13,0,2024-03
20240329,2024-03-29,2024,1,Q1,3,March,Mar,29,4,Friday,13,0,2024-03
20240330,2024-03-30,2024,1,Q1,3,March,Mar,30,5,Saturday,13,1,2024-03
20240331,2024-03-31,2024,1,Q1,3,March,Mar,31,6,Sunday,13,1,2024-03
20240401,2024-04-01,2024,2,Q2,4,April,Apr,1,0,Monday,14,0,2024-04
20240402,2024-04-02,2024,2,Q2,4,April,Apr,2,1,Tuesday,14,0,2024-04
20240403,2024-04-03,2024,2,Q2,4,April,Apr,3,2,Wednesday,14,0,2024-04
20240404,2024-04-04,2024,2,Q2,4,April,Apr,4,3,Thursday,14,0,2024-04
20240405,2024-04-05,2024,2,Q2,4,April,Apr,5,4,Friday,14,0,2024-04
20240406,2024-04-06,2024,2,Q2,4,April,Apr,6,5,Saturday,14,1,2024-04
20240407,2024-04-07,2024,2,Q2,4,April,Apr,7,6,Sunday,14,1,2024-04
20240408,2024-04-08,2024,2,Q2,4,April,Apr,8,0,Monday,15,0,2024-04
20240409,2024-04-09,2024,2,Q2,4,April,Apr,9,1,Tuesday,15,0,2024-04
20240410,2024-04-10,2024,2,Q2,4,April,Apr,10,2,Wednesday,15,0,2024-04
20240411,2024-04-11,2024,2,Q2,4,April,Apr,11,3,Thursday,15,0,2024-04
20240412,2024-04-12,2024,2,Q2,4,April,Apr,12,4,Friday,15,0,2024-04
20240413,2024-04-13,2024,2,Q2,4,April,Apr,13,5,Saturday,15,1,2024-04
20240414,2024-04-14,2024,2,Q2,4,April,Apr,14,6,Sunday,15,1,2024-04
20240415,2024-04-15,2024,2,Q2,4,April,Apr,15,0,Monday,16,0,2024-04
20240416,2024-04-16,2024,2,Q2,4,April,Apr,16,1,Tuesday,16,0,2024-04
20240417,2024-04-17,2024,2,Q2,4,April,Apr,17,2,Wednesday,16,0,2024-04
20240418,2024-04-18,2024,2,Q2,4,April,Apr,18,3,Thursday,16,0,2024-04
20240419,2024-04-19,2024,2,Q2,4,April,Apr,19,4,Friday,16,0,2024-04
20240420,2024-04-20,2024,2,Q2,4,April,Apr,20,5,Saturday,16,1,2024-04
20240421,2024-04-21,2024,2,Q2,4,April,Apr,21,6,Sunday,16,1,2024-04
20240422,2024-04-22,2024,2,Q2,4,April,Apr,22,0,Monday,17,0,2024-04
20240423,2024-04-23,2024,2,Q2,4,April,Apr,23,1,Tuesday,17,0,2024-04
20240424,2024-04-24,2024,2,Q2,4,April,Apr,24,2,Wednesday,17,0,2024-04
20240425,2024-04-25,2024,2,Q2,4,April,Apr,25,3,Thursday,17,0,2024-04
20240426,2024-04-26,2024,2,Q2,4,April,Apr,26,4,Friday,17,0,2024-04
20240427,2024-04-27,2024,2,Q2,4,April,Apr,27,5,Saturday,17,1,2024-04
20240428,2024-04-28,2024,2,Q2,4,April,Apr,28,6,Sunday,17,1,2024-04
20240429,2024-04-29,2024,2,Q2,4,April,Apr,29,0,Monday,18,0,2024-04
20240430,2024-04-30,2024,2,Q2,4,April,Apr,30,1,Tuesday,18,0,2024-04
20240501,2024-05-01,2024,2,Q2,5,May,May,1,2,Wednesday,18,0,2024-05
20240502,2024-05-02,2024,2,Q2,5,May,May,2,3,Thursday,18,0,2024-05
20240503,2024-05-03,2024,2,Q2,5,May,May,3,4,Friday,18,0,2024-05
20240504,2024-05-04,2024,2,Q2,5,May,May,4,5,Saturday,18,1,2024-05
20240505,2024-05-05,2024,2,Q2,5,May,May,5,6,Sunday,18,1,2024-05
20240506,2024-05-06,2024,2,Q2,5,May,May,6,0,Monday,19,0,2024-05
20240507,2024-05-07,2024,2,Q2,5,May,May,7,1,Tuesday,19,0,2024-05
20240508,2024-05-08,2024,2,Q2,5,May,May,8,2,Wednesday,19,0,2024-05
20240509,2024-05-09,2024,2,Q2,5,May,May,9,3,Thursday,19,0,2024-05
20240510,2024-05-10,2024,2,Q2,5,May,May,10,4,Friday,19,0,2024-05
20240511,2024-05-11,2024,2,Q2,5,May,May,11,5,Saturday,19,1,2024-05
20240512,2024-05-12,2024,2,Q2,5,May,May,12,6,Sunday,19,1,2024-05
20240513,2024-05-13,2024,2,Q2,5,May,May,13,0,Monday,20,0,2024-05
20240514,2024-05-14,2024,2,Q2,5,May,May,14,1,Tuesday,20,0,2024-05
20240515,2024-05-15,2024,2,Q2,5,May,May,15,2,Wednesday,20,0,2024-05
20240516,2024-05-16,2024,2,Q2,5,May,May,16,3,Thursday,20,0,2024-05
20240517,2024-05-17,2024,2,Q2,5,May,May,17,4,Friday,20,0,2024-05
20240518,2024-05-18,2024,2,Q2,5,May,May,18,5,Saturday,20,1,2024-05
20240519,2024-05-19,2024,2,Q2,5,May,May,19,6,Sunday,20,1,2024-05
20240520,2024-05-20,2024,2,Q2,5,May,May,20,0,Monday,21,0,2024-05
20240521,2024-05-21,2024,2,Q2,5,May,May,21,1,Tuesday,21,0,2024-05
20240522,2024-05-22,2024,2,Q2,5,May,May,22,2,Wednesday,21,0,2024-05
20240523,2024-05-23,2024,2,Q2,5,May,May,23,3,Thursday,21,0,2024-05
20240524,2024-05-24,2024,2,Q2,5,May,May,24,4,Friday,21,0,2024-05
20240525,2024-05-25,2024,2,Q2,5,May,May,25,5,Saturday,21,1,2024-05
20240526,2024-05-26,2024,2,Q2,5,May,May,26,6,Sunday,21,1,2024-05
20240527,2024-05-27,2024,2,Q2,5,May,May,27,0,Monday,22,0,2024-05
20240528,2024-05-28,2024,2,Q2,5,May,May,28,1,Tuesday,22,0,2024-05
20240529,2024-05-29,2024,2,Q2,5,May,May,29,2,Wednesday,22,0,2024-05
20240530,2024-05-30,2024,2,Q2,5,May,May,30,3,Thursday,22,0,2024-05
20240531,2024-05-31,2024,2,Q2,5,May,May,31,4,Friday,22,0,2024-05
20240601,2024-06-01,2024,2,Q2,6,June,Jun,1,5,Saturday,22,1,2024-06
20240602,2024-06-02,2024,2,Q2,6,June,Jun,2,6,Sunday,22,1,2024-06
20240603,2024-06-03,2024,2,Q2,6,June,Jun,3,0,Monday,23,0,2024-06
20240604,2024-06-04,2024,2,Q2,6,June,Jun,4,1,Tuesday,23,0,2024-06
20240605,2024-06-05,2024,2,Q2,6,June,Jun,5,2,Wednesday,23,0,2024-06
20240606,2024-06-06,2024,2,Q2,6,June,Jun,6,3,Thursday,23,0,2024-06
20240607,2024-06-07,2024,2,Q2,6,June,Jun,7,4,Friday,23,0,2024-06
20240608,2024-06-08,2024,2,Q2,6,June,Jun,8,5,Saturday,23,1,2024-06
20240609,2024-06-09,2024,2,Q2,6,June,Jun,9,6,Sunday,23,1,2024-06
20240610,2024-06-10,2024,2,Q2,6,June,Jun,10,0,Monday,24,0,2024-06
20240611,2024-06-11,2024,2,Q2,6,June,Jun,11,1,Tuesday,24,0,2024-06
20240612,2024-06-12,2024,2,Q2,6,June,Jun,12,2,Wednesday,24,0,2024-06
20240613,2024-06-13,2024,2,Q2,6,June,Jun,13,3,Thursday,24,0,2024-06
20240614,2024-06-14,2024,2,Q2,6,June,Jun,14,4,Friday,24,0,2024-06
20240615,2024-06-15,2024,2,Q2,6,June,Jun,15,5,Saturday,24,1,2024-06
20240616,2024-06-16,2024,2,Q2,6,June,Jun,16,6,Sunday,24,1,2024-06
20240617,2024-06-17,2024,2,Q2,6,June,Jun,17,0,Monday,25,0,2024-06
20240618,2024-06-18,2024,2,Q2,6,June,Jun,18,1,Tuesday,25,0,2024-06
20240619,2024-06-19,2024,2,Q2,6,June,Jun,19,2,Wednesday,25,0,2024-06
20240620,2024-06-20,2024,2,Q2,6,June,Jun,20,3,Thursday,25,0,2024-06
20240621,2024-06-21,2024,2,Q2,6,June,Jun,21,4,Friday,25,0,2024-06
20240622,2024-06-22,2024,2,Q2,6,June,Jun,22,5,Saturday,25,1,2024-06
20240623,2024-06-23,2024,2,Q2,6,June,Jun,23,6,Sunday,25,1,2024-06
20240624,2024-06-24,2024,2,Q2,6,June,Jun,24,0,Monday,26,0,2024-06
20240625,2024-06-25,2024,2,Q2,6,June,Jun,25,1,Tuesday,26,0,2024-06
20240626,2024-06-26,2024,2,Q2,6,June,Jun,26,2,Wednesday,26,0,2024-06
20240627,2024-06-27,2024,2,Q2,6,June,Jun,27,3,Thursday,26,0,2024-06
20240628,2024-06-28,2024,2,Q2,6,June,Jun,28,4,Friday,26,0,2024-06
20240629,2024-06-29,2024,2,Q2,6,June,Jun,29,5,Saturday,26,1,2024-06
20240630,2024-06-30,2024,2,Q2,6,June,Jun,30,6,Sunday,26,1,2024-06
20240701,2024-07-01,2024,3,Q3,7,July,Jul,1,0,Monday,27,0,2024-07
20240702,2024-07-02,2024,3,Q3,7,July,Jul,2,1,Tuesday,27,0,2024-07
20240703,2024-07-03,2024,3,Q3,7,July,Jul,3,2,Wednesday,27,0,2024-07
20240704,2024-07-04,2024,3,Q3,7,July,Jul,4,3,Thursday,27,0,2024-07
20240705,2024-07-05,2024,3,Q3,7,July,Jul,5,4,Friday,27,0,2024-07
20240706,2024-07-06,2024,3,Q3,7,July,Jul,6,5,Saturday,27,1,2024-07
20240707,2024-07-07,2024,3,Q3,7,July,Jul,7,6,Sunday,27,1,2024-07
20240708,2024-07-08,2024,3,Q3,7,July,Jul,8,0,Monday,28,0,2024-07
20240709,2024-07-09,2024,3,Q3,7,July,Jul,9,1,Tuesday,28,0,2024-07
20240710,2024-07-10,2024,3,Q3,7,July,Jul,10,2,Wednesday,28,0,2024-07
20240711,2024-07-11,2024,3,Q3,7,July,Jul,11,3,Thursday,28,0,2024-07
20240712,2024-07-12,2024,3,Q3,7,July,Jul,12,4,Friday,28,0,2024-07
20240713,2024-07-13,2024,3,Q3,7,July,Jul,13,5,Saturday,28,1,2024-07
20240714,2024-07-14,2024,3,Q3,7,July,Jul,14,6,Sunday,28,1,2024-07
20240715,2024-07-15,2024,3,Q3,7,July,Jul,15,0,Monday,29,0,2024-07
20240716,2024-07-16,2024,3,Q3,7,July,Jul,16,1,Tuesday,29,0,2024-07
20240717,2024-07-17,2024,3,Q3,7,July,Jul,17,2,Wednesday,29,0,2024-07
20240718,2024-07-18,2024,3,Q3,7,July,Jul,18,3,Thursday,29,0,2024-07
20240719,2024-07-19,2024,3,Q3,7,July,Jul,19,4,Friday,29,0,2024-07
20240720,2024-07-20,2024,3,Q3,7,July,Jul,20,5,Saturday,29,1,2024-07
20240721,2024-07-21,2024,3,Q3,7,July,Jul,21,6,Sunday,29,1,2024-07
20240722,2024-07-22,2024,3,Q3,7,July,Jul,22,0,Monday,30,0,2024-07
20240723,2024-07-23,2024,3,Q3,7,July,Jul,23,1,Tuesday,30,0,2024-07
20240724,2024-07-24,2024,3,Q3,7,July,Jul,24,2,Wednesday,30,0,2024-07
20240725,2024-07-25,2024,3,Q3,7,July,Jul,25,3,Thursday,30,0,2024-07
20240726,2024-07-26,2024,3,Q3,7,July,Jul,26,4,Friday,30,0,2024-07
20240727,2024-07-27,2024,3,Q3,7,July,Jul,27,5,Saturday,30,1,2024-07
20240728,2024-07-28,2024,3,Q3,7,July,Jul,28,6,Sunday,30,1,2024-07
20240729,2024-07-29,2024,3,Q3,7,July,Jul,29,0,Monday,31,0,2024-07
20240730,2024-07-30,2024,3,Q3,7,July,Jul,30,1,Tuesday,31,0,2024-07
20240731,2024-07-31,2024,3,Q3,7,July,Jul,31,2,Wednesday,31,0,2024-07
20240801,2024-08-01,2024,3,Q3,8,August,Aug,1,3,Thursday,31,0,2024-08
20240802,2024-08-02,2024,3,Q3,8,August,Aug,2,4,Friday,31,0,2024-08
20240803,2024-08-03,2024,3,Q3,8,August,Aug,3,5,Saturday,31,1,2024-08
20240804,2024-08-04,2024,3,Q3,8,August,Aug,4,6,Sunday,31,1,2024-08
20240805,2024-08-05,2024,3,Q3,8,August,Aug,5,0,Monday,32,0,2024-08
20240806,2024-08-06,2024,3,Q3,8,August,Aug,6,1,Tuesday,32,0,2024-08
20240807,2024-08-07,2024,3,Q3,8,August,Aug,7,2,Wednesday,32,0,2024-08
20240808,2024-08-08,2024,3,Q3,8,August,Aug,8,3,Thursday,32,0,2024-08
20240809,2024-08-09,2024,3,Q3,8,August,Aug,9,4,Friday,32,0,2024-08
20240810,2024-08-10,2024,3,Q3,8,August,Aug,10,5,Saturday,32,1,2024-08
20240811,2024-08-11,2024,3,Q3,8,August,Aug,11,6,Sunday,32,1,2024-08
20240812,2024-08-12,2024,3,Q3,8,August,Aug,12,0,Monday,33,0,2024-08
20240813,2024-08-13,2024,3,Q3,8,August,Aug,13,1,Tuesday,33,0,2024-08
20240814,2024-08-14,2024,3,Q3,8,August,Aug,14,2,Wednesday,33,0,2024-08
20240815,2024-08-15,2024,3,Q3,8,August,Aug,15,3,Thursday,33,0,2024-08
20240816,2024-08-16,2024,3,Q3,8,August,Aug,16,4,Friday,33,0,2024-08
20240817,2024-08-17,2024,3,Q3,8,August,Aug,17,5,Saturday,33,1,2024-08
20240818,2024-08-18,2024,3,Q3,8,August,Aug,18,6,Sunday,33,1,2024-08
20240819,2024-08-19,2024,3,Q3,8,August,Aug,19,0,Monday,34,0,2024-08
20240820,2024-08-20,2024,3,Q3,8,August,Aug,20,1,Tuesday,34,0,2024-08
20240821,2024-08-21,2024,3,Q3,8,August,Aug,21,2,Wednesday,34,0,2024-08
20240822,2024-08-22,2024,3,Q3,8,August,Aug,22,3,Thursday,34,0,2024-08
20240823,2024-08-23,2024,3,Q3,8,August,Aug,23,4,Friday,34,0,2024-08
20240824,2024-08-24,2024,3,Q3,8,August,Aug,24,5,Saturday,34,1,2024-08
20240825,2024-08-25,2024,3,Q3,8,August,Aug,25,6,Sunday,34,1,2024-08
20240826,2024-08-26,2024,3,Q3,8,August,Aug,26,0,Monday,35,0,2024-08
20240827,2024-08-27,2024,3,Q3,8,August,Aug,27,1,Tuesday,35,0,2024-08
20240828,2024-08-28,2024,3,Q3,8,August,Aug,28,2,Wednesday,35,0,2024-08
20240829,2024-08-29,2024,3,Q3,8,August,Aug,29,3,Thursday,35,0,2024-08
20240830,2024-08-30,2024,3,Q3,8,August,Aug,30,4,Friday,35,0,2024-08
20240831,2024-08-31,2024,3,Q3,8,August,Aug,31,5,Saturday,35,1,2024-08
20240901,2024-09-01,2024,3,Q3,9,September,Sep,1,6,Sunday,35,1,2024-09
20240902,2024-09-02,2024,3,Q3,9,September,Sep,2,0,Monday,36,0,2024-09
20240903,2024-09-03,2024,3,Q3,9,September,Sep,3,1,Tuesday,36,0,2024-09
20240904,2024-09-04,2024,3,Q3,9,September,Sep,4,2,Wednesday,36,0,2024-09
20240905,2024-09-05,2024,3,Q3,9,September,Sep,5,3,Thursday,36,0,2024-09
20240906,2024-09-06,2024,3,Q3,9,September,Sep,6,4,Friday,36,0,2024-09
20240907,2024-09-07,2024,3,Q3,9,September,Sep,7,5,Saturday,36,1,2024-09
20240908,2024-09-08,2024,3,Q3,9,September,Sep,8,6,Sunday,36,1,2024-09
20240909,2024-09-09,2024,3,Q3,9,September,Sep,9,0,Monday,37,0,2024-09
20240910,2024-09-10,2024,3,Q3,9,September,Sep,10,1,Tuesday,37,0,2024-09
20240911,2024-09-11,2024,3,Q3,9,September,Sep,11,2,Wednesday,37,0,2024-09
20240912,2024-09-12,2024,3,Q3,9,September,Sep,12,3,Thursday,37,0,2024-09
20240913,2024-09-13,2024,3,Q3,9,September,Sep,13,4,Friday,37,0,2024-09
20240914,2024-09-14,2024,3,Q3,9,September,Sep,14,5,Saturday,37,1,2024-09
20240915,2024-09-15,2024,3,Q3,9,September,Sep,15,6,Sunday,37,1,2024-09
20240916,2024-09-16,2024,3,Q3,9,September,Sep,16,0,Monday,38,0,2024-09
20240917,2024-09-17,2024,3,Q3,9,September,Sep,17,1,Tuesday,38,0,2024-09
20240918,2024-09-18,2024,3,Q3,9,September,Sep,18,2,Wednesday,38,0,2024-09
20240919,2024-09-19,2024,3,Q3,9,September,Sep,19,3,Thursday,38,0,2024-09
20240920,2024-09-20,2024,3,Q3,9,September,Sep,20,4,Friday,38,0,2024-09
20240921,2024-09-21,2024,3,Q3,9,September,Sep,21,5,Saturday,38,1,2024-09
20240922,2024-09-22,2024,3,Q3,9,September,Sep,22,6,Sunday,38,1,2024-09
20240923,2024-09-23,2024,3,Q3,9,September,Sep,23,0,Monday,39,0,2024-09
20240924,2024-09-24,2024,3,Q3,9,September,Sep,24,1,Tuesday,39,0,2024-09
20240925,2024-09-25,2024,3,Q3,9,September,Sep,25,2,Wednesday,39,0,2024-09
20240926,2024-09-26,2024,3,Q3,9,September,Sep,26,3,Thursday,39,0,2024-09
20240927,2024-09-27,2024,3,Q3,9,September,Sep,27,4,Friday,39,0,2024-09
20240928,2024-09-28,2024,3,Q3,9,September,Sep,28,5,Saturday,39,1,2024-09
20240929,2024-09-29,2024,3,Q3,9,September,Sep,29,6,Sunday,39,1,2024-09
20240930,2024-09-30,2024,3,Q3,9,September,Sep,30,0,Monday,40,0,2024-09
20241001,2024-10-01,2024,4,Q4,10,October,Oct,1,1,Tuesday,40,0,2024-10
20241002,2024-10-02,2024,4,Q4,10,October,Oct,2,2,Wednesday,40,0,2024-10
20241003,2024-10-03,2024,4,Q4,10,October,Oct,3,3,Thursday,40,0,2024-10
20241004,2024-10-04,2024,4,Q4,10,October,Oct,4,4,Friday,40,0,2024-10
20241005,2024-10-05,2024,4,Q4,10,October,Oct,5,5,Saturday,40,1,2024-10
20241006,2024-10-06,2024,4,Q4,10,October,Oct,6,6,Sunday,40,1,2024-10
20241007,2024-10-07,2024,4,Q4,10,October,Oct,7,0,Monday,41,0,2024-10
20241008,2024-10-08,2024,4,Q4,10,October,Oct,8,1,Tuesday,41,0,2024-10
20241009,2024-10-09,2024,4,Q4,10,October,Oct,9,2,Wednesday,41,0,2024-10
20241010,2024-10-10,2024,4,Q4,10,October,Oct,10,3,Thursday,41,0,2024-10
20241011,2024-10-11,2024,4,Q4,10,October,Oct,11,4,Friday,41,0,2024-10
20241012,2024-10-12,2024,4,Q4,10,October,Oct,12,5,Saturday,41,1,2024-10
20241013,2024-10-13,2024,4,Q4,10,October,Oct,13,6,Sunday,41,1,2024-10
20241014,2024-10-14,2024,4,Q4,10,October,Oct,14,0,Monday,42,0,2024-10
20241015,2024-10-15,2024,4,Q4,10,October,Oct,15,1,Tuesday,42,0,2024-10
20241016,2024-10-16,2024,4,Q4,10,October,Oct,16,2,Wednesday,42,0,2024-10
20241017,2024-10-17,2024,4,Q4,10,October,Oct,17,3,Thursday,42,0,2024-10
20241018,2024-10-18,2024,4,Q4,10,October,Oct,18,4,Friday,42,0,2024-10
20241019,2024-10-19,2024,4,Q4,10,October,Oct,19,5,Saturday,42,1,2024-10
20241020,2024-10-20,2024,4,Q4,10,October,Oct,20,6,Sunday,42,1,2024-10
20241021,2024-10-21,2024,4,Q4,10,October,Oct,21,0,Monday,43,0,2024-10
20241022,2024-10-22,2024,4,Q4,10,October,Oct,22,1,Tuesday,43,0,2024-10
20241023,2024-10-23,2024,4,Q4,10,October,Oct,23,2,Wednesday,43,0,2024-10
20241024,2024-10-24,2024,4,Q4,10,October,Oct,24,3,Thursday,43,0,2024-10
20241025,2024-10-25,2024,4,Q4,10,October,Oct,25,4,Friday,43,0,2024-10
20241026,2024-10-26,2024,4,Q4,10,October,Oct,26,5,Saturday,43,1,2024-10
20241027,2024-10-27,2024,4,Q4,10,October,Oct,27,6,Sunday,43,1,2024-10
20241028,2024-10-28,2024,4,Q4,10,October,Oct,28,0,Monday,44,0,2024-10
20241029,2024-10-29,2024,4,Q4,10,October,Oct,29,1,Tuesday,44,0,2024-10
20241030,2024-10-30,2024,4,Q4,10,October,Oct,30,2,Wednesday,44,0,2024-10
20241031,2024-10-31,2024,4,Q4,10,October,Oct,31,3,Thursday,44,0,2024-10
20241101,2024-11-01,2024,4,Q4,11,November,Nov,1,4,Friday,44,0,2024-11
20241102,2024-11-02,2024,4,Q4,11,November,Nov,2,5,Saturday,44,1,2024-11
20241103,2024-11-03,2024,4,Q4,11,November,Nov,3,6,Sunday,44,1,2024-11
20241104,2024-11-04,2024,4,Q4,11,November,Nov,4,0,Monday,45,0,2024-11
20241105,2024-11-05,2024,4,Q4,11,November,Nov,5,1,Tuesday,45,0,2024-11
20241106,2024-11-06,2024,4,Q4,11,November,Nov,6,2,Wednesday,45,0,2024-11
20241107,2024-11-07,2024,4,Q4,11,November,Nov,7,3,Thursday,45,0,2024-11
20241108,2024-11-08,2024,4,Q4,11,November,Nov,8,4,Friday,45,0,2024-11
20241109,2024-11-09,2024,4,Q4,11,November,Nov,9,5,Saturday,45,1,2024-11
20241110,2024-11-10,2024,4,Q4,11,November,Nov,10,6,Sunday,45,1,2024-11
20241111,2024-11-11,2024,4,Q4,11,November,Nov,11,0,Monday,46,0,2024-11
20241112,2024-11-12,2024,4,Q4,11,November,Nov,12,1,Tuesday,46,0,2024-11
20241113,2024-11-13,2024,4,Q4,11,November,Nov,13,2,Wednesday,46,0,2024-11
20241114,2024-11-14,2024,4,Q4,11,November,Nov,14,3,Thursday,46,0,2024-11
20241115,2024-11-15,2024,4,Q4,11,November,Nov,15,4,Friday,46,0,2024-11
20241116,2024-11-16,2024,4,Q4,11,November,Nov,16,5,Saturday,46,1,2024-11
20241117,2024-11-17,2024,4,Q4,11,November,Nov,17,6,Sunday,46,1,2024-11
20241118,2024-11-18,2024,4,Q4,11,November,Nov,18,0,Monday,47,0,2024-11
20241119,2024-11-19,2024,4,Q4,11,November,Nov,19,1,Tuesday,47,0,2024-11
20241120,2024-11-20,2024,4,Q4,11,November,Nov,20,2,Wednesday,47,0,2024-11
20241121,2024-11-21,2024,4,Q4,11,November,Nov,21,3,Thursday,47,0,2024-11
20241122,2024-11-22,2024,4,Q4,11,November,Nov,22,4,Friday,47,0,2024-11
20241123,2024-11-23,2024,4,Q4,11,November,Nov,23,5,Saturday,47,1,2024-11
20241124,2024-11-24,2024,4,Q4,11,November,Nov,24,6,Sunday,47,1,2024-11
20241125,2024-11-25,2024,4,Q4,11,November,Nov,25,0,Monday,48,0,2024-11
20241126,2024-11-26,2024,4,Q4,11,November,Nov,26,1,Tuesday,48,0,2024-11
20241127,2024-11-27,2024,4,Q4,11,November,Nov,27,2,Wednesday,48,0,2024-11
20241128,2024-11-28,2024,4,Q4,11,November,Nov,28,3,Thursday,48,0,2024-11
20241129,2024-11-29,2024,4,Q4,11,November,Nov,29,4,Friday,48,0,2024-11
20241130,2024-11-30,2024,4,Q4,11,November,Nov,30,5,Saturday,48,1,2024-11
20241201,2024-12-01,2024,4,Q4,12,December,Dec,1,6,Sunday,48,1,2024-12
20241202,2024-12-02,2024,4,Q4,12,December,Dec,2,0,Monday,49,0,2024-12
20241203,2024-12-03,2024,4,Q4,12,December,Dec,3,1,Tuesday,49,0,2024-12
20241204,2024-12-04,2024,4,Q4,12,December,Dec,4,2,Wednesday,49,0,2024-12
20241205,2024-12-05,2024,4,Q4,12,December,Dec,5,3,Thursday,49,0,2024-12
20241206,2024-12-06,2024,4,Q4,12,December,Dec,6,4,Friday,49,0,2024-12
20241207,2024-12-07,2024,4,Q4,12,December,Dec,7,5,Saturday,49,1,2024-12
20241208,2024-12-08,2024,4,Q4,12,December,Dec,8,6,Sunday,49,1,2024-12
20241209,2024-12-09,2024,4,Q4,12,December,Dec,9,0,Monday,50,0,2024-12
20241210,2024-12-10,2024,4,Q4,12,December,Dec,10,1,Tuesday,50,0,2024-12
20241211,2024-12-11,2024,4,Q4,12,December,Dec,11,2,Wednesday,50,0,2024-12
20241212,2024-12-12,2024,4,Q4,12,December,Dec,12,3,Thursday,50,0,2024-12
20241213,2024-12-13,2024,4,Q4,12,December,Dec,13,4,Friday,50,0,2024-12
20241214,2024-12-14,2024,4,Q4,12,December,Dec,14,5,Saturday,50,1,2024-12
20241215,2024-12-15,2024,4,Q4,12,December,Dec,15,6,Sunday,50,1,2024-12
20241216,2024-12-16,2024,4,Q4,12,December,Dec,16,0,Monday,51,0,2024-12
20241217,2024-12-17,2024,4,Q4,12,December,Dec,17,1,Tuesday,51,0,2024-12
20241218,2024-12-18,2024,4,Q4,12,December,Dec,18,2,Wednesday,51,0,2024-12
20241219,2024-12-19,2024,4,Q4,12,December,Dec,19,3,Thursday,51,0,2024-12
20241220,2024-12-20,2024,4,Q4,12,December,Dec,20,4,Friday,51,0,2024-12
20241221,2024-12-21,2024,4,Q4,12,December,Dec,21,5,Saturday,51,1,2024-12
20241222,2024-12-22,2024,4,Q4,12,December,Dec,22,6,Sunday,51,1,2024-12
20241223,2024-12-23,2024,4,Q4,12,December,Dec,23,0,Monday,52,0,2024-12
20241224,2024-12-24,2024,4,Q4,12,December,Dec,24,1,Tuesday,52,0,2024-12
20241225,2024-12-25,2024,4,Q4,12,December,Dec,25,2,Wednesday,52,0,2024-12
20241226,2024-12-26,2024,4,Q4,12,December,Dec,26,3,Thursday,52,0,2024-12
20241227,2024-12-27,2024,4,Q4,12,December,Dec,27,4,Friday,52,0,2024-12
20241228,2024-12-28,2024,4,Q4,12,December,Dec,28,5,Saturday,52,1,2024-12
20241229,2024-12-29,2024,4,Q4,12,December,Dec,29,6,Sunday,52,1,2024-12
20241230,2024-12-30,2024,4,Q4,12,December,Dec,30,0,Monday,1,0,2024-12
20241231,2024-12-31,2024,4,Q4,12,December,Dec,31,1,Tuesday,1,0,2024-12
